objective-value	target-start	target-end	target-length	left-primer-start	left-primer-num-primers	left-primer-frac-bound	left-primer-target-sequences	right-primer-start	right-primer-num-primers	right-primer-frac-bound	right-primer-target-sequences	num-guides	total-frac-bound-by-guides	guide-set-expected-activity	guide-set-median-activity	guide-set-5th-pctile-activity	guide-expected-activities	guide-target-sequences	guide-target-sequence-positions
3.620341825064558	1769	1894	125	1769	1	0.9550898203592815	GTCACGGGGGCGTCCATTTACAGGACGACC	1864	2	0.9281437125748503	TCCTCCTGACACAGCTGCATCATACATTAT TCCTCCTGACACTGCTGCATCAAACATGAT	1	0.9850299401197605	2.6259337783216714	2.622531294822693	1.6392686367034912	2.6259337783216714	TTGGGGCTTGAGGTTCTAAACACCATGT	{1799}
2.833962082540328	815	948	133	815	1	0.9011976047904192	CATGAGGATGGCTTGGGGTGGCAGTTACAT	918	3	0.9161676646706587	ACCTGGGAAGATCACTGCCAATTCTCAAGA ACTTGGGAAGACCATTGTCAGTTTTCAAGA ACTTGGGAAGATCACTGCCAGTTTTCTCGC	2	0.9790419161676647	2.6314182222603324	2.6524235010147095	1.9290995597839355	2.0411863864182 2.1787187971040876	GTTGGGACTGTATAATGACTTCCTACCA TTCTTATCAGTATTTGATAATTCAAAAC	{868} {887}
2.7117568826851493	1324	1466	142	1324	2	0.9161676646706587	TTCCATACTGTAATTACAGCAAATACTGGT TTCCTTACTGCAATTACAGCAAGTATTGGT	1436	2	0.9041916167664671	CTTCTCTGATGATATTGAGCAACAAGCTGA TTTTTCTGATGACATTGAACAACAAGCAGA	1	0.9670658682634731	2.30114488383967	2.3266607522964478	0.9397943019866943	2.30114488383967	TCGTTGCCAAGATGCTGGCTTGTGTCAA	{1383}
2.529834060666083	2575	2720	145	2575	2	0.9011976047904192	GTAAAGTATGTTCTCATAAGGGTTCCTCTC GTAGAGTATGTTTTCATAAGGATTCCTTTC	2690	2	0.9101796407185628	ACCTTAATGGTCTCCAACATGTTCCCCCCA ACCTTGATTGTCTCCAACATGTTGCCACCA	2	0.9341317365269461	2.382181794700508	2.4547427892684937	0.0	1.583439968303292 1.5610801427664158	CAAGGATTTTTTTACCTTTAAAATAGAC TTAGTATGCCATCCATTGTTTGAGGAGA	{2632} {2661}
2.480682431666297	2322	2551	229	2322	2	0.907185628742515	CTTCAATGTCCATCCAGGTCTTAGCATTTG CTTCAATGTCTATCCAGGTTTTGGCACTTG	2521	2	0.9161676646706587	AATAGAAGTCCTTGAAGCTATGTAGGGCCA TATTGAGGTTCTTGATGCAATGTATGGCCA	1	0.8592814371257484	2.3309022907368435	2.6063218116760254	0.0	2.3309022907368435	CACCTTTTGTGGTTTTCCATCTGACTCG	{2458}
2.4215427402246514	3265	3382	117	3265	3	0.9131736526946108	AACAAGATTGTTGACAGCTTGATTCAGGTC AACAAGGTTGTTGACTGCCTGATTTAGGTC TACAAGATTGTTGACAGCCTGATTCAAATC	3352	2	0.9011976047904192	ATTACTGACTTCGGAGAAGTCAAGTCCATG ATTGCTGACTTCAGAAAAGTCAAGACCATG	2	0.9850299401197605	2.6297652437658368	2.7222371101379395	1.605588674545288	2.2614850287665864 1.0455828921166723	CGTCCCTTTTTTGTTTGCGCATCAAGCG TCTTCTCTGTTTGCGCATCAGCCGTTGG	{3318} {3322}
2.4021249270864393	1986	2220	234	1986	2	0.9041916167664671	CTTTATACTGATCCCAGACTGCATTTTCAT CTTTGCACTGATCCCAAACAGCATTTTCAA	2190	2	0.9161676646706587	CCACATCAATCCCATGAGAATATTTGGCAT TGACATCAATCCCATGTGAGTACTTAGCAT	2	0.9700598802395209	2.5128608010486215	2.615009069442749	1.59224534034729	2.0334700019416694 1.1168401193119095	TCAGTGCAATGTCAATAAGCTTTATGTC TGTCTATCACAGCACTGGTCAGACCTGG	{2037} {2142}
1.132198248308895	3001	3151	150	3001	3	0.9041916167664671	AACATCCCACACCCTAACAACTCCGTCTCT CACATCCCAAACTCTCACCACTCCATCTCT GACATCCCAGACCCTCACAATGCCATCTCT	3121	4	0.9251497005988024	CATATAAACACCTGAGCTTAGTGGCCTTTC CATATAAACTCCTGAGCTCAATGGTCTTTC CATATAGACACCTGCACTCAATGGCCTTTC CATGTAAACACCTGAGCTCAACGGCCTCTC	1	0.9101796407185628	2.2551615223913135	2.4489935636520386	0.0	2.2551615223913135	AGCCCCACCAACCATGCCTATCATGTTC	{3049}
1.095143858544815	2725	2948	223	2725	3	0.907185628742515	CATACAAGCTCCAGCTTTCACTGCAGCTCC CATGCAAGCTCCTGCCTTCACAGCTGCACC CATGCAGGCCCCAGCCTTTACTGCAGCTCC	2918	4	0.9041916167664671	TCAACCTGCCCCTGTTTTGTCAGACATGCC TCAACCTGCCCTTGCTTTGTTAAACATGCC TCAACTTGACCTTGTTTGGTGAGACATGCT TCAACTTGCCCTTGTTTTGTCAGACATGCT	2	0.9880239520958084	2.6823258971025843	2.6661124229431152	1.687730073928833	1.4917985700561616 2.364839802602094	AGGGAGCTTTTTTTGGTGTCTATCATGT TGTATATCAGACCCAGGTCTGTTAGTGC	{2783} {2871}
0.5732323536968531	3382	3499	117	3382	3	0.9041916167664671	AAGGAGAGCCTGAGCATCCTTAACAACTTG TAAAAGAGCCTGGGCATCTTTCACCACCTG TAGGAGAGCTTGAGCATCCTTGACCACTTG	3469	4	0.9401197604790419	AAAGGACTTTATTTCCTTTGAGGCACTCAT AAATGACTTCACTTCCTTAGAAGCACTCAT GAAGGACTTGACCTCTTTGGAGACACTCAT GAATGATTTCACTTCTTTGGAAGCACTCAT	2	0.7604790419161677	1.7814548572380386	2.1314070224761963	0.0	1.125465830286106 1.709317323690403	ATAACCTGAAAGTTCCCTCCTTAATGAT CCCGAAAGTTCCCTCCTTAATGATTGTG	{3430} {3434}
