family	genus	species	segment	refseqs
Adenoviridae	Mastadenovirus	Human mastadenovirus A	None	NC_001460
Adenoviridae	Mastadenovirus	Human mastadenovirus B	None	NC_011202,NC_011203
Adenoviridae	Mastadenovirus	Human mastadenovirus C	None	NC_001405
Adenoviridae	Mastadenovirus	Human mastadenovirus D	None	NC_010956,NC_012959
Adenoviridae	Mastadenovirus	Human mastadenovirus E	None	NC_017825,NC_003266
Adenoviridae	Mastadenovirus	Human mastadenovirus F	None	NC_001454
Adenoviridae	Mastadenovirus	Human mastadenovirus G	None	NC_006879
Amalgaviridae	unknown	Zygosaccharomyces bailii virus Z	None	NC_003874
Anelloviridae	Alphatorquevirus	Simian torque teno virus 30	None	NC_026663
Anelloviridae	Alphatorquevirus	Simian torque teno virus 31	None	NC_026662
Anelloviridae	Alphatorquevirus	Simian torque teno virus 32	None	NC_026664
Anelloviridae	Alphatorquevirus	Simian torque teno virus 33	None	NC_026764
Anelloviridae	Alphatorquevirus	Simian torque teno virus 34	None	NC_026765
Anelloviridae	Alphatorquevirus	Torque teno virus 1	None	NC_002076
Anelloviridae	Alphatorquevirus	Torque teno virus 10	None	NC_014076
Anelloviridae	Alphatorquevirus	Torque teno virus 11	None	NC_038338
Anelloviridae	Alphatorquevirus	Torque teno virus 12	None	NC_014075
Anelloviridae	Alphatorquevirus	Torque teno virus 13	None	NC_038339
Anelloviridae	Alphatorquevirus	Torque teno virus 14	None	NC_014077
Anelloviridae	Alphatorquevirus	Torque teno virus 15	None	NC_014096
Anelloviridae	Alphatorquevirus	Torque teno virus 16	None	NC_014091
Anelloviridae	Alphatorquevirus	Torque teno virus 19	None	NC_014078
Anelloviridae	Alphatorquevirus	Torque teno virus 2	None	NC_014480
Anelloviridae	Alphatorquevirus	Torque teno virus 20	None	NC_038340
Anelloviridae	Alphatorquevirus	Torque teno virus 21	None	NC_038341
Anelloviridae	Alphatorquevirus	Torque teno virus 23	None	NC_038342
Anelloviridae	Alphatorquevirus	Torque teno virus 24	None	NC_038343
Anelloviridae	Alphatorquevirus	Torque teno virus 25	None	NC_014083
Anelloviridae	Alphatorquevirus	Torque teno virus 26	None	NC_014079
Anelloviridae	Alphatorquevirus	Torque teno virus 27	None	NC_014074
Anelloviridae	Alphatorquevirus	Torque teno virus 28	None	NC_014073
Anelloviridae	Alphatorquevirus	Torque teno virus 29	None	NC_038344
Anelloviridae	Alphatorquevirus	Torque teno virus 3	None	NC_014081
Anelloviridae	Alphatorquevirus	Torque teno virus 4	None	NC_014069
Anelloviridae	Alphatorquevirus	Torque teno virus 5	None	NC_038336
Anelloviridae	Alphatorquevirus	Torque teno virus 6	None	NC_014094
Anelloviridae	Alphatorquevirus	Torque teno virus 7	None	NC_014080
Anelloviridae	Alphatorquevirus	Torque teno virus 8	None	NC_014084
Anelloviridae	Alphatorquevirus	Torque teno virus 9	None	NC_038337
Anelloviridae	Betatorquevirus	TTV-like mini virus	None	NC_020498
Anelloviridae	Betatorquevirus	Torque teno mini virus 1	None	NC_014097
Anelloviridae	Betatorquevirus	Torque teno mini virus 10	None	NC_038345
Anelloviridae	Betatorquevirus	Torque teno mini virus 11	None	NC_038346
Anelloviridae	Betatorquevirus	Torque teno mini virus 12	None	NC_038347
Anelloviridae	Betatorquevirus	Torque teno mini virus 18	None	NC_030297
Anelloviridae	Betatorquevirus	Torque teno mini virus 2	None	NC_014086
Anelloviridae	Betatorquevirus	Torque teno mini virus 3	None	NC_014088
Anelloviridae	Betatorquevirus	Torque teno mini virus 4	None	NC_014090
Anelloviridae	Betatorquevirus	Torque teno mini virus 5	None	NC_014089
Anelloviridae	Betatorquevirus	Torque teno mini virus 6	None	NC_014095
Anelloviridae	Betatorquevirus	Torque teno mini virus 7	None	NC_014082
Anelloviridae	Betatorquevirus	Torque teno mini virus 8	None	NC_014068
Anelloviridae	Betatorquevirus	Torque teno mini virus 9	None	NC_002195
Anelloviridae	Betatorquevirus	Torque teno mini virus ALA22	None	NC_025726
Anelloviridae	Betatorquevirus	Torque teno mini virus ALH8	None	NC_025727
Anelloviridae	Deltatorquevirus	Torque teno tupaia virus	None	NC_038348
Anelloviridae	Epsilontorquevirus	Torque teno tamarin virus	None	NC_014085
Anelloviridae	Etatorquevirus	Torque teno felis virus	None	NC_014072
Anelloviridae	Etatorquevirus	Torque teno felis virus 2	None	NC_038349
Anelloviridae	Gammatorquevirus	Torque teno midi virus 1	None	NC_009225
Anelloviridae	Gammatorquevirus	Torque teno midi virus 10	None	NC_038357
Anelloviridae	Gammatorquevirus	Torque teno midi virus 11	None	NC_038358
Anelloviridae	Gammatorquevirus	Torque teno midi virus 12	None	NC_038359
Anelloviridae	Gammatorquevirus	Torque teno midi virus 13	None	NC_038360
Anelloviridae	Gammatorquevirus	Torque teno midi virus 14	None	NC_038361
Anelloviridae	Gammatorquevirus	Torque teno midi virus 15	None	NC_038362
Anelloviridae	Gammatorquevirus	Torque teno midi virus 2	None	NC_014093
Anelloviridae	Gammatorquevirus	Torque teno midi virus 3	None	NC_038350
Anelloviridae	Gammatorquevirus	Torque teno midi virus 4	None	NC_038351
Anelloviridae	Gammatorquevirus	Torque teno midi virus 5	None	NC_038352
Anelloviridae	Gammatorquevirus	Torque teno midi virus 6	None	NC_038353
Anelloviridae	Gammatorquevirus	Torque teno midi virus 7	None	NC_038354
Anelloviridae	Gammatorquevirus	Torque teno midi virus 8	None	NC_038355
Anelloviridae	Gammatorquevirus	Torque teno midi virus 9	None	NC_038356
Anelloviridae	Gyrovirus	Avian gyrovirus 2	None	NC_015396
Anelloviridae	Gyrovirus	Chicken anemia virus	None	NC_001427
Anelloviridae	Gyrovirus	Gyrovirus 4	None	NC_018401
Anelloviridae	Gyrovirus	Gyrovirus GyV3	None	NC_017091
Anelloviridae	Gyrovirus	Gyrovirus GyV7-SF	None	NC_025215
Anelloviridae	Gyrovirus	Gyrovirus Tu243	None	NC_022788
Anelloviridae	Gyrovirus	Gyrovirus Tu789	None	NC_022789
Anelloviridae	Iotatorquevirus	Torque teno sus virus 1a	None	NC_014070
Anelloviridae	Iotatorquevirus	Torque teno sus virus 1b	None	NC_027059
Anelloviridae	Kappatorquevirus	Torque teno sus virus k2a	None	NC_014092
Anelloviridae	Kappatorquevirus	Torque teno sus virus k2b	None	NC_038363
Anelloviridae	Lambdatorquevirus	Torque teno zalophus virus 1	None	NC_012126
Anelloviridae	Thetatorquevirus	Torque teno canis virus	None	NC_014071
Anelloviridae	Zetatorquevirus	Torque teno douroucouli virus	None	NC_014087
Anelloviridae	unclassified	Giant panda anellovirus	None	NC_035192
Anelloviridae	unknown	Gorilla anellovirus	None	NC_030650
Anelloviridae	unknown	Rodent Torque teno virus 2	None	NC_025966
Anelloviridae	unknown	Seal anellovirus 2	None	NC_024891
Anelloviridae	unknown	Seal anellovirus 3	None	NC_024890
Anelloviridae	unknown	Seal anellovirus TFFN/USA/2006	None	NC_015212
Anelloviridae	unknown	Small anellovirus	None	NC_007013,NC_007014
Anelloviridae	unknown	Torque teno Leptonychotes weddellii virus-1	None	NC_035136
Anelloviridae	unknown	Torque teno Leptonychotes weddellii virus-2	None	NC_035135
Anelloviridae	unknown	Torque teno indri virus 1	None	NC_034978
Anelloviridae	unknown	Torque teno virus	None	NC_015783
Arenaviridae	Arenavirus	Mopeia Lassa virus reassortant 29	L	NC_006572
Arenaviridae	Arenavirus	Mopeia Lassa virus reassortant 29	S	NC_006573
Arenaviridae	Mammarenavirus	Allpahuayo mammarenavirus	L	NC_010249
Arenaviridae	Mammarenavirus	Allpahuayo mammarenavirus	S	NC_010253
Arenaviridae	Mammarenavirus	Argentinian mammarenavirus	L	NC_005080
Arenaviridae	Mammarenavirus	Argentinian mammarenavirus	S	NC_005081
Arenaviridae	Mammarenavirus	Bear Canyon mammarenavirus	L	NC_010255
Arenaviridae	Mammarenavirus	Bear Canyon mammarenavirus	S	NC_010256
Arenaviridae	Mammarenavirus	Brazilian mammarenavirus	L	NC_006313
Arenaviridae	Mammarenavirus	Brazilian mammarenavirus	S	NC_006317
Arenaviridae	Mammarenavirus	Cali mammarenavirus	L	NC_006439
Arenaviridae	Mammarenavirus	Cali mammarenavirus	S	NC_006447
Arenaviridae	Mammarenavirus	Chapare mammarenavirus	L	NC_010563
Arenaviridae	Mammarenavirus	Chapare mammarenavirus	S	NC_010562
Arenaviridae	Mammarenavirus	Cupixi mammarenavirus	L	NC_010252
Arenaviridae	Mammarenavirus	Cupixi mammarenavirus	S	NC_010254
Arenaviridae	Mammarenavirus	Flexal mammarenavirus	L	NC_010759
Arenaviridae	Mammarenavirus	Flexal mammarenavirus	S	NC_010757
Arenaviridae	Mammarenavirus	Gairo mammarenavirus	L	NC_026247
Arenaviridae	Mammarenavirus	Gairo mammarenavirus	S	NC_026246
Arenaviridae	Mammarenavirus	Guanarito mammarenavirus	L	NC_005082
Arenaviridae	Mammarenavirus	Guanarito mammarenavirus	S	NC_005077
Arenaviridae	Mammarenavirus	Ippy mammarenavirus	L	NC_007906
Arenaviridae	Mammarenavirus	Ippy mammarenavirus	S	NC_007905
Arenaviridae	Mammarenavirus	Lassa mammarenavirus	L	NC_004297
Arenaviridae	Mammarenavirus	Lassa mammarenavirus	S	NC_004296,KM821998,GU481072,KM821773
Arenaviridae	Mammarenavirus	Latino mammarenavirus	L	NC_010760
Arenaviridae	Mammarenavirus	Latino mammarenavirus	S	NC_010758
Arenaviridae	Mammarenavirus	Loei River mammarenavirus	L	NC_038365
Arenaviridae	Mammarenavirus	Loei River mammarenavirus	S	NC_038364
Arenaviridae	Mammarenavirus	Lujo mammarenavirus	L	NC_012777
Arenaviridae	Mammarenavirus	Lujo mammarenavirus	S	NC_012776
Arenaviridae	Mammarenavirus	Luna mammarenavirus	L	NC_016153
Arenaviridae	Mammarenavirus	Luna mammarenavirus	S	NC_016152
Arenaviridae	Mammarenavirus	Lunk mammarenavirus	L	NC_018711
Arenaviridae	Mammarenavirus	Lunk mammarenavirus	S	NC_018710
Arenaviridae	Mammarenavirus	Lymphocytic choriomeningitis mammarenavirus	L	NC_004291
Arenaviridae	Mammarenavirus	Lymphocytic choriomeningitis mammarenavirus	S	NC_004294
Arenaviridae	Mammarenavirus	Machupo mammarenavirus	L	NC_005079
Arenaviridae	Mammarenavirus	Machupo mammarenavirus	S	NC_005078
Arenaviridae	Mammarenavirus	Mobala mammarenavirus	L	NC_007904
Arenaviridae	Mammarenavirus	Mobala mammarenavirus	S	NC_007903
Arenaviridae	Mammarenavirus	Mopeia mammarenavirus	L	NC_006574
Arenaviridae	Mammarenavirus	Mopeia mammarenavirus	S	NC_006575
Arenaviridae	Mammarenavirus	Morogoro mammarenavirus	L	NC_013058
Arenaviridae	Mammarenavirus	Morogoro mammarenavirus	S	NC_013057
Arenaviridae	Mammarenavirus	Oliveros mammarenavirus	L	NC_010250
Arenaviridae	Mammarenavirus	Oliveros mammarenavirus	S	NC_010248
Arenaviridae	Mammarenavirus	Paraguayan mammarenavirus	L	NC_010761
Arenaviridae	Mammarenavirus	Paraguayan mammarenavirus	S	NC_010756
Arenaviridae	Mammarenavirus	Pirital mammarenavirus	L	NC_005897
Arenaviridae	Mammarenavirus	Pirital mammarenavirus	S	NC_005894
Arenaviridae	Mammarenavirus	Ryukyu mammarenavirus	L	NC_039010
Arenaviridae	Mammarenavirus	Ryukyu mammarenavirus	S	NC_039009
Arenaviridae	Mammarenavirus	Serra do Navio mammarenavirus	L	NC_010251
Arenaviridae	Mammarenavirus	Serra do Navio mammarenavirus	S	NC_010247
Arenaviridae	Mammarenavirus	Solwezi mammarenavirus	L	NC_038366
Arenaviridae	Mammarenavirus	Solwezi mammarenavirus	S	NC_038367
Arenaviridae	Mammarenavirus	Souris mammarenavirus	L	NC_039011
Arenaviridae	Mammarenavirus	Souris mammarenavirus	S	NC_039012
Arenaviridae	Mammarenavirus	Tacaribe mammarenavirus	L	NC_004292
Arenaviridae	Mammarenavirus	Tacaribe mammarenavirus	S	NC_004293
Arenaviridae	Mammarenavirus	Tamiami mammarenavirus	L	NC_010702
Arenaviridae	Mammarenavirus	Tamiami mammarenavirus	S	NC_010701
Arenaviridae	Mammarenavirus	Whitewater Arroyo mammarenavirus	L	NC_010703
Arenaviridae	Mammarenavirus	Whitewater Arroyo mammarenavirus	S	NC_010700
Arenaviridae	Reptarenavirus	California reptarenavirus	L	NC_018484
Arenaviridae	Reptarenavirus	California reptarenavirus	S	NC_018481
Arenaviridae	Reptarenavirus	Giessen reptarenavirus	L	NC_039006
Arenaviridae	Reptarenavirus	Giessen reptarenavirus	S	NC_039005
Arenaviridae	Reptarenavirus	Golden reptarenavirus	L	NC_018482
Arenaviridae	Reptarenavirus	Golden reptarenavirus	S	NC_018483
Arenaviridae	Reptarenavirus	Ordinary reptarenavirus	L	NC_039008
Arenaviridae	Reptarenavirus	Ordinary reptarenavirus	S	NC_039007
Astroviridae	Mamastrovirus	Mamastrovirus 1	None	NC_001943,NC_030922
Astroviridae	Mamastrovirus	Mamastrovirus 6	None	NC_011400
Astroviridae	Mamastrovirus	Mamastrovirus 8	None	GQ415660
Astroviridae	Mamastrovirus	Mamastrovirus 9	None	NC_013060
Caliciviridae	Norovirus	Norwalk virus	None	NC_029645,NC_029646,NC_029647,NC_001959,NC_008311
Caliciviridae	Sapovirus	Bat sapovirus TLC58/HK	None	NC_017936
Caliciviridae	Sapovirus	Sapporo virus	None	NC_010624,NC_006269,NC_006554,NC_027026,NC_000940
Caliciviridae	Vesivirus	Vesicular exanthema of swine virus	None	NC_002551,NC_004541,NC_029645,NC_029646,NC_029647,NC_001959,NC_008311
Circoviridae	Circovirus	Human associated circovirus 1	None	NC_038392
Circoviridae	Cyclovirus	Human associated cyclovirus 1	None	NC_038412
Circoviridae	Cyclovirus	Human associated cyclovirus 10	None	NC_023874
Circoviridae	Cyclovirus	Human associated cyclovirus 11	None	NC_038418
Circoviridae	Cyclovirus	Human associated cyclovirus 12	None	NC_032682
Circoviridae	Cyclovirus	Human associated cyclovirus 2	None	NC_036877
Circoviridae	Cyclovirus	Human associated cyclovirus 3	None	NC_038413
Circoviridae	Cyclovirus	Human associated cyclovirus 4	None	NC_038414
Circoviridae	Cyclovirus	Human associated cyclovirus 5	None	NC_038415
Circoviridae	Cyclovirus	Human associated cyclovirus 6	None	NC_038416
Circoviridae	Cyclovirus	Human associated cyclovirus 7	None	NC_038417
Circoviridae	Cyclovirus	Human associated cyclovirus 8	None	NC_039215
Circoviridae	Cyclovirus	Human associated cyclovirus 9	None	NC_021568
Circoviridae	unknown	Human fecal virus Jorvi2	None	NC_035212
Circoviridae	unknown	Human fecal virus Jorvi3	None	NC_035213
Circoviridae	unknown	Human fecal virus Jorvi4	None	NC_035211
Coronaviridae	Alphacoronavirus	Human coronavirus 229E	None	NC_002645,NC_028752
Coronaviridae	Alphacoronavirus	Human coronavirus NL63	None	NC_005831
Coronaviridae	Betacoronavirus	Human coronavirus HKU1	None	NC_006577
Coronaviridae	Betacoronavirus	Middle East respiratory syndrome-related coronavirus	None	NC_038294,NC_019843
Coronaviridae	Betacoronavirus	Severe acute respiratory syndrome-related coronavirus	None	NC_004718
Filoviridae	Cuevavirus	Lloviu cuevavirus	None	NC_016144
Filoviridae	Ebolavirus	Bundibugyo ebolavirus	None	NC_014373
Filoviridae	Ebolavirus	Reston ebolavirus	None	NC_004161
Filoviridae	Ebolavirus	Sudan ebolavirus	None	NC_006432
Filoviridae	Ebolavirus	Tai Forest ebolavirus	None	NC_014372
Filoviridae	Ebolavirus	Zaire ebolavirus	None	NC_002549
Filoviridae	Marburgvirus	Marburg marburgvirus	None	NC_001608,NC_024781
Flaviviridae	Flavivirus	Aedes flavivirus	None	NC_012932
Flaviviridae	Flavivirus	Apoi virus	None	NC_003676
Flaviviridae	Flavivirus	Aroa virus	None	NC_009026
Flaviviridae	Flavivirus	Bagaza virus	None	NC_012534
Flaviviridae	Flavivirus	Banzi virus	None	DQ859056
Flaviviridae	Flavivirus	Bouboui virus	None	NC_033693
Flaviviridae	Flavivirus	Cacipacore virus	None	NC_026623
Flaviviridae	Flavivirus	Cell fusing agent virus	None	NC_001564
Flaviviridae	Flavivirus	Chaoyang virus	None	NC_017086
Flaviviridae	Flavivirus	Culex flavivirus	None	NC_008604
Flaviviridae	Flavivirus	Dengue virus	None	NC_001477,NC_002640,NC_001475,NC_001474
Flaviviridae	Flavivirus	Donggang virus	None	NC_016997
Flaviviridae	Flavivirus	Edge Hill virus	None	NC_030289
Flaviviridae	Flavivirus	Entebbe bat virus	None	NC_008718
Flaviviridae	Flavivirus	Gadgets Gully virus	None	NC_033723
Flaviviridae	Flavivirus	Hanko virus	None	NC_030401
Flaviviridae	Flavivirus	Ilheus virus	None	NC_009028
Flaviviridae	Flavivirus	Japanese encephalitis virus	None	NC_001437
Flaviviridae	Flavivirus	Jugra virus	None	NC_033699
Flaviviridae	Flavivirus	Kadam virus	None	NC_033724
Flaviviridae	Flavivirus	Kamiti River virus	None	NC_005064
Flaviviridae	Flavivirus	Kedougou virus	None	NC_012533
Flaviviridae	Flavivirus	Kokobera virus	None	NC_032088,NC_009029
Flaviviridae	Flavivirus	Kyasanur Forest disease virus	None	NC_039218
Flaviviridae	Flavivirus	Langat virus	None	NC_003690
Flaviviridae	Flavivirus	Louping ill virus	None	NC_001809
Flaviviridae	Flavivirus	Meaban virus	None	NC_033721
Flaviviridae	Flavivirus	Mercadeo virus	None	NC_027819
Flaviviridae	Flavivirus	Modoc virus	None	NC_003635
Flaviviridae	Flavivirus	Montana myotis leukoencephalitis virus	None	NC_004119
Flaviviridae	Flavivirus	Murray Valley encephalitis virus	None	NC_000943
Flaviviridae	Flavivirus	Nounane virus	None	NC_033715
Flaviviridae	Flavivirus	Ntaya virus	None	NC_018705
Flaviviridae	Flavivirus	Ochlerotatus caspius flavivirus	None	NC_034242
Flaviviridae	Flavivirus	Omsk hemorrhagic fever virus	None	NC_005062
Flaviviridae	Flavivirus	Palm Creek virus	None	NC_033694
Flaviviridae	Flavivirus	Paraiso Escondido virus	None	NC_027999
Flaviviridae	Flavivirus	Parramatta River virus	None	NC_027817
Flaviviridae	Flavivirus	Phnom Penh bat virus	None	NC_034007
Flaviviridae	Flavivirus	Powassan virus	None	NC_003687
Flaviviridae	Flavivirus	Quang Binh virus	None	NC_012671,NC_021069
Flaviviridae	Flavivirus	Rio Bravo virus	None	NC_003675
Flaviviridae	Flavivirus	Royal Farm virus	None	NC_039219
Flaviviridae	Flavivirus	Saboya virus	None	NC_033697,NC_029054
Flaviviridae	Flavivirus	Saint Louis encephalitis virus	None	NC_007580
Flaviviridae	Flavivirus	Saumarez Reef virus	None	NC_033726
Flaviviridae	Flavivirus	Sepik virus	None	NC_008719
Flaviviridae	Flavivirus	Spanish goat encephalitis virus	None	NC_027709
Flaviviridae	Flavivirus	Spondweni virus	None	NC_029055
Flaviviridae	Flavivirus	T'Ho virus	None	NC_034151
Flaviviridae	Flavivirus	Tamana bat virus	None	NC_003996
Flaviviridae	Flavivirus	Tembusu virus	None	NC_015843
Flaviviridae	Flavivirus	Tick-borne encephalitis virus	None	NC_001672
Flaviviridae	Flavivirus	Uganda S virus	None	NC_033698
Flaviviridae	Flavivirus	Usutu virus	None	NC_006551
Flaviviridae	Flavivirus	Wesselsbron virus	None	NC_012735
Flaviviridae	Flavivirus	West Nile virus	None	NC_001563,NC_009942
Flaviviridae	Flavivirus	Yaounde virus	None	NC_034018
Flaviviridae	Flavivirus	Yellow fever virus	None	NC_002031
Flaviviridae	Flavivirus	Yokose virus	None	NC_005039
Flaviviridae	Flavivirus	Zika virus	None	NC_012532,NC_035889
Flaviviridae	Hepacivirus	Bat hepacivirus	None	NC_031947
Flaviviridae	Hepacivirus	Bovine hepacivirus	None	NC_026797
Flaviviridae	Hepacivirus	Hepacivirus A	None	NC_038425
Flaviviridae	Hepacivirus	Hepacivirus B	None	NC_038426
Flaviviridae	Hepacivirus	Hepacivirus C	None	NC_004102,NC_030791,NC_009827,NC_009826,NC_009825,NC_038882,NC_009824,NC_009823
Flaviviridae	Hepacivirus	Hepacivirus D	None	NC_031950
Flaviviridae	Hepacivirus	Hepacivirus F	None	NC_038427
Flaviviridae	Hepacivirus	Hepacivirus I	None	NC_038428
Flaviviridae	Hepacivirus	Hepacivirus J	None	NC_038429
Flaviviridae	Hepacivirus	Hepacivirus K	None	NC_038430
Flaviviridae	Hepacivirus	Hepacivirus L	None	NC_031916
Flaviviridae	Hepacivirus	Hepacivirus M	None	NC_038431
Flaviviridae	Hepacivirus	Hepacivirus N	None	NC_038432
Flaviviridae	Hepacivirus	Norway rat hepacivirus 1	None	NC_025672
Flaviviridae	Hepacivirus	Norway rat hepacivirus 2	None	NC_025673
Flaviviridae	Hepacivirus	Rodent hepacivirus	None	NC_021153
Flaviviridae	Pegivirus	Pegivirus A	None	NC_024377,NC_001837
Flaviviridae	Pegivirus	Pegivirus C	None	NC_001710
Flaviviridae	Pegivirus	Pegivirus H	None	NC_027998,NC_038436
Genomoviridae	Gemycircularvirus	Gemycircularvirus HV-GcV1	None	NC_030447
Genomoviridae	Gemygorvirus	Sewage derived gemygorvirus 1	None	NC_026817,NC_026161
Genomoviridae	Gemykibivirus	Human associated gemykibivirus 1	None	NC_024691
Genomoviridae	Gemykibivirus	Human associated gemykibivirus 2	None	NC_026818
Genomoviridae	Gemykibivirus	Human associated gemykibivirus 5	None	NC_030448
Genomoviridae	Gemyvongvirus	Human associated gemyvongvirus 1	None	NC_028459
Hantaviridae	Orthohantavirus	Andes orthohantavirus	L	NC_003468
Hantaviridae	Orthohantavirus	Andes orthohantavirus	M	NC_003467
Hantaviridae	Orthohantavirus	Andes orthohantavirus	S	NC_003466
Hantaviridae	Orthohantavirus	Asama orthohantavirus	M	NC_038274
Hantaviridae	Orthohantavirus	Asama orthohantavirus	S	NC_038273
Hantaviridae	Orthohantavirus	Bayou orthohantavirus	L	NC_038299
Hantaviridae	Orthohantavirus	Bayou orthohantavirus	M	NC_038300
Hantaviridae	Orthohantavirus	Bayou orthohantavirus	S	NC_038298
Hantaviridae	Orthohantavirus	Black creek canal orthohantavirus	L	GU997097
Hantaviridae	Orthohantavirus	Black creek canal orthohantavirus	M	L39950
Hantaviridae	Orthohantavirus	Black creek canal orthohantavirus	S	L39949
Hantaviridae	Orthohantavirus	Bowe orthohantavirus	L	NC_034407
Hantaviridae	Orthohantavirus	Bowe orthohantavirus	M	NC_034406
Hantaviridae	Orthohantavirus	Bowe orthohantavirus	S	NC_034405
Hantaviridae	Orthohantavirus	Bruges orthohantavirus	L	NC_034402
Hantaviridae	Orthohantavirus	Bruges orthohantavirus	M	NC_034395
Hantaviridae	Orthohantavirus	Bruges orthohantavirus	S	NC_034394
Hantaviridae	Orthohantavirus	Cano Delgadito orthohantavirus	L	NC_034515
Hantaviridae	Orthohantavirus	Cano Delgadito orthohantavirus	M	NC_034525
Hantaviridae	Orthohantavirus	Cano Delgadito orthohantavirus	S	NC_034528
Hantaviridae	Orthohantavirus	Cao Bang orthohantavirus	L	NC_034485
Hantaviridae	Orthohantavirus	Cao Bang orthohantavirus	M	NC_034474
Hantaviridae	Orthohantavirus	Cao Bang orthohantavirus	S	NC_034484
Hantaviridae	Orthohantavirus	Choclo orthohantavirus	L	KT983773
Hantaviridae	Orthohantavirus	Choclo orthohantavirus	M	NC_038374
Hantaviridae	Orthohantavirus	Choclo orthohantavirus	S	NC_038373
Hantaviridae	Orthohantavirus	Dabieshan orthohantavirus	M	NC_038383
Hantaviridae	Orthohantavirus	Dabieshan orthohantavirus	S	NC_038384
Hantaviridae	Orthohantavirus	Dobrava-Belgrade orthohantavirus	L	NC_005235
Hantaviridae	Orthohantavirus	Dobrava-Belgrade orthohantavirus	M	NC_005234
Hantaviridae	Orthohantavirus	Dobrava-Belgrade orthohantavirus	S	NC_005233
Hantaviridae	Orthohantavirus	El Moro Canyon orthohantavirus	M	NC_038424
Hantaviridae	Orthohantavirus	El Moro Canyon orthohantavirus	S	NC_038423
Hantaviridae	Orthohantavirus	Fugong orthohantavirus	L	NC_034467
Hantaviridae	Orthohantavirus	Fugong orthohantavirus	M	NC_034466
Hantaviridae	Orthohantavirus	Fugong orthohantavirus	S	NC_034473
Hantaviridae	Orthohantavirus	Fusong orthohantavirus	M	NC_038447
Hantaviridae	Orthohantavirus	Fusong orthohantavirus	S	NC_038446
Hantaviridae	Orthohantavirus	Hantaan orthohantavirus	L	NC_005222
Hantaviridae	Orthohantavirus	Hantaan orthohantavirus	M	NC_005219
Hantaviridae	Orthohantavirus	Hantaan orthohantavirus	S	NC_005218
Hantaviridae	Orthohantavirus	Hantavirus Z10	L	NC_006435
Hantaviridae	Orthohantavirus	Hantavirus Z10	M	NC_006437
Hantaviridae	Orthohantavirus	Hantavirus Z10	S	NC_006433
Hantaviridae	Orthohantavirus	Imjin orthohantavirus	L	NC_034564
Hantaviridae	Orthohantavirus	Imjin orthohantavirus	M	NC_034557
Hantaviridae	Orthohantavirus	Imjin orthohantavirus	S	NC_034558
Hantaviridae	Orthohantavirus	Jeju orthohantavirus	L	NC_034399
Hantaviridae	Orthohantavirus	Jeju orthohantavirus	M	NC_034404
Hantaviridae	Orthohantavirus	Jeju orthohantavirus	S	NC_034398
Hantaviridae	Orthohantavirus	Kenkeme orthohantavirus	L	NC_034560
Hantaviridae	Orthohantavirus	Kenkeme orthohantavirus	M	NC_034565
Hantaviridae	Orthohantavirus	Kenkeme orthohantavirus	S	NC_034559
Hantaviridae	Orthohantavirus	Khabarovsk orthohantavirus	L	NC_034519
Hantaviridae	Orthohantavirus	Khabarovsk orthohantavirus	M	NC_034518
Hantaviridae	Orthohantavirus	Khabarovsk orthohantavirus	S	NC_034527
Hantaviridae	Orthohantavirus	Laguna Negra orthohantavirus	M	NC_038506
Hantaviridae	Orthohantavirus	Laguna Negra orthohantavirus	S	NC_038505
Hantaviridae	Orthohantavirus	Laibin orthohantavirus	L	NC_038515
Hantaviridae	Orthohantavirus	Laibin orthohantavirus	M	NC_038513
Hantaviridae	Orthohantavirus	Laibin orthohantavirus	S	NC_038514
Hantaviridae	Orthohantavirus	Luxi orthohantavirus	L	NC_038529
Hantaviridae	Orthohantavirus	Luxi orthohantavirus	M	NC_038528
Hantaviridae	Orthohantavirus	Luxi orthohantavirus	S	NC_038530
Hantaviridae	Orthohantavirus	Maporal orthohantavirus	L	NC_034553
Hantaviridae	Orthohantavirus	Maporal orthohantavirus	M	NC_034552
Hantaviridae	Orthohantavirus	Maporal orthohantavirus	S	NC_038233
Hantaviridae	Orthohantavirus	Montano orthohantavirus	L	NC_034403
Hantaviridae	Orthohantavirus	Montano orthohantavirus	M	NC_034397
Hantaviridae	Orthohantavirus	Montano orthohantavirus	S	NC_034396
Hantaviridae	Orthohantavirus	Nova orthohantavirus	L	NC_034465
Hantaviridae	Orthohantavirus	Nova orthohantavirus	M	NC_034470
Hantaviridae	Orthohantavirus	Nova orthohantavirus	S	NC_034464
Hantaviridae	Orthohantavirus	Prospect Hill orthohantavirus	L	NC_038939
Hantaviridae	Orthohantavirus	Prospect Hill orthohantavirus	M	NC_038940
Hantaviridae	Orthohantavirus	Prospect Hill orthohantavirus	S	NC_038938
Hantaviridae	Orthohantavirus	Puumala orthohantavirus	L	NC_005225
Hantaviridae	Orthohantavirus	Puumala orthohantavirus	M	NC_005223
Hantaviridae	Orthohantavirus	Puumala orthohantavirus	S	NC_005224
Hantaviridae	Orthohantavirus	Quezon orthohantavirus	L	NC_034401
Hantaviridae	Orthohantavirus	Quezon orthohantavirus	M	NC_034393
Hantaviridae	Orthohantavirus	Quezon orthohantavirus	S	NC_034400
Hantaviridae	Orthohantavirus	Rockport orthohantavirus	L	NC_038695
Hantaviridae	Orthohantavirus	Rockport orthohantavirus	M	NC_038694
Hantaviridae	Orthohantavirus	Rockport orthohantavirus	S	NC_038696
Hantaviridae	Orthohantavirus	Sangassou orthohantavirus	L	NC_034517
Hantaviridae	Orthohantavirus	Sangassou orthohantavirus	M	NC_034516
Hantaviridae	Orthohantavirus	Sangassou orthohantavirus	S	NC_034526
Hantaviridae	Orthohantavirus	Seoul orthohantavirus	L	NC_005238
Hantaviridae	Orthohantavirus	Seoul orthohantavirus	M	NC_005237
Hantaviridae	Orthohantavirus	Seoul orthohantavirus	S	NC_005236
Hantaviridae	Orthohantavirus	Sin Nombre orthohantavirus	L	NC_005217
Hantaviridae	Orthohantavirus	Sin Nombre orthohantavirus	M	NC_005215
Hantaviridae	Orthohantavirus	Sin Nombre orthohantavirus	S	NC_005216
Hantaviridae	Orthohantavirus	Thailand orthohantavirus	L	NC_034556
Hantaviridae	Orthohantavirus	Thailand orthohantavirus	M	NC_034563
Hantaviridae	Orthohantavirus	Thailand orthohantavirus	S	NC_034555
Hantaviridae	Orthohantavirus	Thottapalayam orthohantavirus	L	NC_010707
Hantaviridae	Orthohantavirus	Thottapalayam orthohantavirus	M	NC_010708
Hantaviridae	Orthohantavirus	Thottapalayam orthohantavirus	S	NC_010704
Hantaviridae	Orthohantavirus	Tula orthohantavirus	L	NC_005226
Hantaviridae	Orthohantavirus	Tula orthohantavirus	M	NC_005228
Hantaviridae	Orthohantavirus	Tula orthohantavirus	S	NC_005227
Hantaviridae	Orthohantavirus	Yakeshi orthohantavirus	M	NC_038705
Hantaviridae	Orthohantavirus	Yakeshi orthohantavirus	S	NC_038704
Hepadnaviridae	Orthohepadnavirus	Hepatitis B virus	None	NC_003977
Hepeviridae	Orthohepevirus	Orthohepevirus A	None	NC_001434
Hepeviridae	Orthohepevirus	Orthohepevirus B	None	NC_023425
Hepeviridae	Orthohepevirus	Orthohepevirus C	None	NC_038504
Hepeviridae	Orthohepevirus	Orthohepevirus D	None	NC_018382
Hepeviridae	Piscihepevirus	Piscihepevirus A	None	NC_015521
Herpesviridae	Cytomegalovirus	Human betaherpesvirus 5	None	NC_006273
Herpesviridae	Lymphocryptovirus	Human gammaherpesvirus 4	None	NC_007605,NC_009334
Herpesviridae	Rhadinovirus	Human gammaherpesvirus 8	None	NC_009333
Herpesviridae	Roseolovirus	Human betaherpesvirus 6A	None	NC_001664
Herpesviridae	Roseolovirus	Human betaherpesvirus 6B	None	NC_000898
Herpesviridae	Roseolovirus	Human betaherpesvirus 7	None	NC_001716
Herpesviridae	Simplexvirus	Human alphaherpesvirus 1	None	NC_001806
Herpesviridae	Simplexvirus	Human alphaherpesvirus 2	None	NC_001798
Herpesviridae	Varicellovirus	Human alphaherpesvirus 3	None	NC_001348
Nairoviridae	Orthonairovirus	Crimean-Congo hemorrhagic fever orthonairovirus	L	NC_005301
Nairoviridae	Orthonairovirus	Crimean-Congo hemorrhagic fever orthonairovirus	M	NC_005300
Nairoviridae	Orthonairovirus	Crimean-Congo hemorrhagic fever orthonairovirus	S	NC_005302
Nairoviridae	Orthonairovirus	Dera Ghazi Khan orthonairovirus	L	NC_034520
Nairoviridae	Orthonairovirus	Dera Ghazi Khan orthonairovirus	M	NC_034510
Nairoviridae	Orthonairovirus	Dera Ghazi Khan orthonairovirus	S	NC_034521
Nairoviridae	Orthonairovirus	Dugbe orthonairovirus	L	NC_004159
Nairoviridae	Orthonairovirus	Dugbe orthonairovirus	M	NC_004158
Nairoviridae	Orthonairovirus	Dugbe orthonairovirus	S	NC_004157
Nairoviridae	Orthonairovirus	Hazara orthonairovirus	L	NC_038709
Nairoviridae	Orthonairovirus	Hazara orthonairovirus	M	NC_038710
Nairoviridae	Orthonairovirus	Hazara orthonairovirus	S	NC_038711
Nairoviridae	Orthonairovirus	Hughes orthonairovirus	L	NC_034502
Nairoviridae	Orthonairovirus	Hughes orthonairovirus	M	NC_034494
Nairoviridae	Orthonairovirus	Hughes orthonairovirus	S	NC_034503
Nairoviridae	Orthonairovirus	Kasokero orthonairovirus	L	NC_036636
Nairoviridae	Orthonairovirus	Kasokero orthonairovirus	M	NC_029933
Nairoviridae	Orthonairovirus	Kasokero orthonairovirus	S	NC_029932
Nairoviridae	Orthonairovirus	Keterah orthonairovirus	L	NC_034392
Nairoviridae	Orthonairovirus	Keterah orthonairovirus	M	NC_034388
Nairoviridae	Orthonairovirus	Keterah orthonairovirus	S	NC_034389
Nairoviridae	Orthonairovirus	Leopards Hill virus	L	NC_025831
Nairoviridae	Orthonairovirus	Leopards Hill virus	M	NC_025832
Nairoviridae	Orthonairovirus	Leopards Hill virus	S	NC_025833
Nairoviridae	Orthonairovirus	Nairobi sheep disease orthonairovirus	L	NC_034387
Nairoviridae	Orthonairovirus	Nairobi sheep disease orthonairovirus	M	NC_034391
Nairoviridae	Orthonairovirus	Nairobi sheep disease orthonairovirus	S	NC_034386
Nairoviridae	Orthonairovirus	Qalyub orthonairovirus	L	NC_034511
Nairoviridae	Orthonairovirus	Qalyub orthonairovirus	M	NC_034522
Nairoviridae	Orthonairovirus	Qalyub orthonairovirus	S	NC_034512
Nairoviridae	Orthonairovirus	Sakhalin orthonairovirus	L	NC_034561
Nairoviridae	Orthonairovirus	Sakhalin orthonairovirus	M	NC_034554
Nairoviridae	Orthonairovirus	Sakhalin orthonairovirus	S	NC_034562
Nairoviridae	Orthonairovirus	Thiafora orthonairovirus	L	NC_039220
Nairoviridae	Orthonairovirus	Thiafora orthonairovirus	M	NC_039221
Nairoviridae	Orthonairovirus	Thiafora orthonairovirus	S	NC_039222
Nairoviridae	Orthonairovirus	Tofla virus	L	NC_029124
Nairoviridae	Orthonairovirus	Tofla virus	M	NC_029123
Nairoviridae	Orthonairovirus	Tofla virus	S	NC_029122
Nairoviridae	Orthonairovirus	Yogue virus	L	NC_029931
Nairoviridae	Orthonairovirus	Yogue virus	M	NC_029935
Nairoviridae	Orthonairovirus	Yogue virus	S	NC_029936
Orthomyxoviridae	Alphainfluenzavirus	Influenza A virus	1	NC_007378,NC_002023,NC_026438,NC_026422,NC_007373,MK676647,MK677168
Orthomyxoviridae	Alphainfluenzavirus	Influenza A virus	2	NC_002021,NC_007375,NC_026435,NC_026423,NC_007372,NC_007358,MK676648,MK677169
Orthomyxoviridae	Alphainfluenzavirus	Influenza A virus	3	NC_007376,NC_002022,NC_026437,NC_026424,NC_007371,MK676641,MK677170
Orthomyxoviridae	Alphainfluenzavirus	Influenza A virus	4	NC_007374,NC_002017,NC_026433,NC_026425,NC_007366,NC_007362,MK676642,MK677171
Orthomyxoviridae	Alphainfluenzavirus	Influenza A virus	5	NC_007381,NC_026436,NC_026426,NC_004905,NC_007369,NC_002019,MK676643,MK677172
Orthomyxoviridae	Alphainfluenzavirus	Influenza A virus	6	NC_007382,NC_026434,NC_026429,NC_007368,NC_002018,MK676644,MK677173
Orthomyxoviridae	Alphainfluenzavirus	Influenza A virus	7	NC_007377,NC_007363,NC_002016,NC_026431,NC_026427,NC_007367,NC_004907,MK676645,MK677174
Orthomyxoviridae	Alphainfluenzavirus	Influenza A virus	8	NC_007380,NC_007364,NC_002020,NC_026432,NC_026428,NC_007370,NC_004906,MK676646,MK677175
Orthomyxoviridae	Betainfluenzavirus	Influenza B virus	1	NC_002204,MK715549
Orthomyxoviridae	Betainfluenzavirus	Influenza B virus	2	NC_002205,MK715548
Orthomyxoviridae	Betainfluenzavirus	Influenza B virus	3	NC_002206,MK715550
Orthomyxoviridae	Betainfluenzavirus	Influenza B virus	4	NC_002207,MK715551
Orthomyxoviridae	Betainfluenzavirus	Influenza B virus	5	NC_002208,MK715552
Orthomyxoviridae	Betainfluenzavirus	Influenza B virus	6	NC_002209,MK715553
Orthomyxoviridae	Betainfluenzavirus	Influenza B virus	7	NC_002210,MK715554
Orthomyxoviridae	Betainfluenzavirus	Influenza B virus	8	NC_002211,MK715555
Orthomyxoviridae	Gammainfluenzavirus	Influenza C virus	1	NC_006308
Orthomyxoviridae	Gammainfluenzavirus	Influenza C virus	2	NC_006307
Orthomyxoviridae	Gammainfluenzavirus	Influenza C virus	3	NC_006309
Orthomyxoviridae	Gammainfluenzavirus	Influenza C virus	4	NC_006310
Orthomyxoviridae	Gammainfluenzavirus	Influenza C virus	5	NC_006311
Orthomyxoviridae	Gammainfluenzavirus	Influenza C virus	6	NC_006312
Orthomyxoviridae	Gammainfluenzavirus	Influenza C virus	7	NC_006306
Orthomyxoviridae	Thogotovirus	Dhori thogotovirus	1	NC_034261
Orthomyxoviridae	Thogotovirus	Dhori thogotovirus	2	NC_034254
Orthomyxoviridae	Thogotovirus	Dhori thogotovirus	3	NC_034255
Orthomyxoviridae	Thogotovirus	Dhori thogotovirus	4	NC_034262
Orthomyxoviridae	Thogotovirus	Dhori thogotovirus	5	NC_034256
Orthomyxoviridae	Thogotovirus	Dhori thogotovirus	6	NC_034263
Orthomyxoviridae	Thogotovirus	Thogoto thogotovirus	1	NC_006508
Orthomyxoviridae	Thogotovirus	Thogoto thogotovirus	2	NC_006495
Orthomyxoviridae	Thogotovirus	Thogoto thogotovirus	3	NC_006496
Orthomyxoviridae	Thogotovirus	Thogoto thogotovirus	4	NC_006506
Orthomyxoviridae	Thogotovirus	Thogoto thogotovirus	5	NC_006507
Orthomyxoviridae	Thogotovirus	Thogoto thogotovirus	6	NC_006504
Papillomaviridae	Alphapapillomavirus	Alphapapillomavirus 4	None	NC_001352
Papillomaviridae	Alphapapillomavirus	Alphapapillomavirus 7	None	NC_001357
Papillomaviridae	Alphapapillomavirus	Alphapapillomavirus 9	None	NC_001526
Papillomaviridae	Betapapillomavirus	Betapapillomavirus 1	None	NC_015692,NC_001531
Papillomaviridae	Betapapillomavirus	Betapapillomavirus 2	None	NC_001596
Papillomaviridae	Betapapillomavirus	Betapapillomavirus 3	None	NC_001591
Papillomaviridae	Betapapillomavirus	Betapapillomavirus 4	None	NC_004500
Papillomaviridae	Betapapillomavirus	Betapapillomavirus 5	None	NC_005134
Papillomaviridae	Betapapillomavirus	Betapapillomavirus 6	None	NC_015691
Papillomaviridae	Gammapapillomavirus	Gammapapillomavirus 18	None	NC_033781
Papillomaviridae	Gammapapillomavirus	Gammapapillomavirus 24	None	NC_023891
Papillomaviridae	Gammapapillomavirus	Gammapapillomavirus 27	None	NC_027528
Papillomaviridae	Mupapillomavirus	Mupapillomavirus 1	None	NC_001356
Papillomaviridae	unknown	Human papillomavirus	None	NC_027779
Papillomaviridae	unknown	Human papillomavirus type 85	None	NC_034616
Paramyxoviridae	Aquaparamyxovirus	Salmon aquaparamyxovirus	None	NC_025360
Paramyxoviridae	Avulavirus	Avian avulavirus 1	None	NC_039223
Paramyxoviridae	Avulavirus	Avian avulavirus 10	None	NC_025349
Paramyxoviridae	Avulavirus	Avian avulavirus 11	None	NC_025407
Paramyxoviridae	Avulavirus	Avian avulavirus 12	None	NC_025363
Paramyxoviridae	Avulavirus	Avian avulavirus 13	None	NC_030231
Paramyxoviridae	Avulavirus	Avian avulavirus 14	None	NC_039015
Paramyxoviridae	Avulavirus	Avian avulavirus 15	None	NC_034968
Paramyxoviridae	Avulavirus	Avian avulavirus 16	None	NC_039016
Paramyxoviridae	Avulavirus	Avian avulavirus 17	None	NC_039017
Paramyxoviridae	Avulavirus	Avian avulavirus 18	None	NC_039018
Paramyxoviridae	Avulavirus	Avian avulavirus 19	None	NC_039019
Paramyxoviridae	Avulavirus	Avian avulavirus 3	None	NC_025373
Paramyxoviridae	Avulavirus	Avian avulavirus 4	None	NC_019531
Paramyxoviridae	Avulavirus	Avian avulavirus 5	None	NC_025361
Paramyxoviridae	Avulavirus	Avian avulavirus 6	None	NC_039194
Paramyxoviridae	Avulavirus	Avian avulavirus 7	None	NC_025347
Paramyxoviridae	Avulavirus	Avian avulavirus 8	None	NC_039195
Paramyxoviridae	Avulavirus	Avian avulavirus 9	None	NC_025390
Paramyxoviridae	Avulavirus	Goose paramyxovirus SF02	None	NC_005036
Paramyxoviridae	Ferlavirus	Reptilian ferlavirus	None	NC_005084
Paramyxoviridae	Henipavirus	Cedar henipavirus	None	NC_025351
Paramyxoviridae	Henipavirus	Hendra henipavirus	None	NC_001906
Paramyxoviridae	Henipavirus	Mojiang henipavirus	None	NC_025352
Paramyxoviridae	Henipavirus	Nipah henipavirus	None	NC_002728
Paramyxoviridae	Morbillivirus	Canine morbillivirus	None	NC_001921
Paramyxoviridae	Morbillivirus	Cetacean morbillivirus	None	NC_005283
Paramyxoviridae	Morbillivirus	Feline morbillivirus	None	NC_039196
Paramyxoviridae	Morbillivirus	Measles morbillivirus	None	NC_001498
Paramyxoviridae	Morbillivirus	Phocine morbillivirus	None	NC_028249
Paramyxoviridae	Morbillivirus	Rinderpest morbillivirus	None	NC_006296
Paramyxoviridae	Morbillivirus	Small ruminant morbillivirus	None	NC_006383
Paramyxoviridae	Respirovirus	Bovine respirovirus 3	None	NC_028362,NC_002161
Paramyxoviridae	Respirovirus	Human respirovirus 1	None	NC_003461
Paramyxoviridae	Respirovirus	Human respirovirus 3	None	NC_038270,NC_001796
Paramyxoviridae	Respirovirus	Murine respirovirus	None	NC_001552
Paramyxoviridae	Respirovirus	Porcine respirovirus 1	None	NC_025402
Paramyxoviridae	Rubulavirus	Achimota rubulavirus 1	None	NC_025403
Paramyxoviridae	Rubulavirus	Achimota rubulavirus 2	None	NC_025404
Paramyxoviridae	Rubulavirus	Bat mumps rubulavirus	None	NC_038271
Paramyxoviridae	Rubulavirus	Human rubulavirus 2	None	NC_003443
Paramyxoviridae	Rubulavirus	Human rubulavirus 4	None	NC_021928
Paramyxoviridae	Rubulavirus	Mammalian rubulavirus 5	None	NC_006430
Paramyxoviridae	Rubulavirus	Mapuera rubulavirus	None	NC_009489
Paramyxoviridae	Rubulavirus	Menangle rubulavirus	None	NC_039197
Paramyxoviridae	Rubulavirus	Mumps rubulavirus	None	NC_002200
Paramyxoviridae	Rubulavirus	Porcine rubulavirus	None	NC_009640
Paramyxoviridae	Rubulavirus	Simian rubulavirus	None	NC_006428
Paramyxoviridae	Rubulavirus	Sosuga rubulavirus	None	NC_025343
Paramyxoviridae	Rubulavirus	Tioman rubulavirus	None	NC_004074
Paramyxoviridae	Rubulavirus	Tuhoko rubulavirus 1	None	NC_025410
Paramyxoviridae	Rubulavirus	Tuhoko rubulavirus 2	None	NC_025348
Paramyxoviridae	Rubulavirus	Tuhoko rubulavirus 3	None	NC_025350
Paramyxoviridae	unknown	Beilong virus	None	NC_007803
Paramyxoviridae	unknown	J-virus	None	NC_007454
Paramyxoviridae	unknown	Mossman virus	None	NC_005339
Paramyxoviridae	unknown	Nariva virus	None	NC_017937
Paramyxoviridae	unknown	Salem virus	None	NC_025386
Paramyxoviridae	unknown	Tailam virus	None	NC_025355
Paramyxoviridae	unknown	Tupaia paramyxovirus	None	NC_002199
Parvoviridae	Dependoparvovirus	Adeno-associated dependoparvovirus A	None	NC_001729,NC_001401,NC_001829,NC_002077,NC_006260,NC_006261
Parvoviridae	Dependoparvovirus	Adeno-associated dependoparvovirus B	None	NC_006152,NC_005889
Parvoviridae	Erythroparvovirus	Primate erythroparvovirus 1	None	NC_000883
Peribunyaviridae	Orthobunyavirus	Akabane orthobunyavirus	L	NC_009894
Peribunyaviridae	Orthobunyavirus	Akabane orthobunyavirus	M	NC_009895
Peribunyaviridae	Orthobunyavirus	Akabane orthobunyavirus	S	NC_009896
Peribunyaviridae	Orthobunyavirus	Alajuela orthobunyavirus	L	NC_038717
Peribunyaviridae	Orthobunyavirus	Alajuela orthobunyavirus	M	NC_038715
Peribunyaviridae	Orthobunyavirus	Alajuela orthobunyavirus	S	NC_038716
Peribunyaviridae	Orthobunyavirus	Anopheles A orthobunyavirus	L	NC_038720
Peribunyaviridae	Orthobunyavirus	Anopheles A orthobunyavirus	M	NC_038718
Peribunyaviridae	Orthobunyavirus	Anopheles A orthobunyavirus	S	NC_038719
Peribunyaviridae	Orthobunyavirus	Anopheles B orthobunyavirus	S	NC_038721
Peribunyaviridae	Orthobunyavirus	Batama orthobunyavirus	S	NC_038722
Peribunyaviridae	Orthobunyavirus	Bimiti orthobunyavirus	L	NC_038724
Peribunyaviridae	Orthobunyavirus	Bimiti orthobunyavirus	M	NC_038723
Peribunyaviridae	Orthobunyavirus	Bimiti orthobunyavirus	S	NC_038725
Peribunyaviridae	Orthobunyavirus	Brazoran virus	L	NC_022039
Peribunyaviridae	Orthobunyavirus	Brazoran virus	M	NC_022038
Peribunyaviridae	Orthobunyavirus	Brazoran virus	S	NC_022037
Peribunyaviridae	Orthobunyavirus	Bunyamwera orthobunyavirus	L	NC_001925
Peribunyaviridae	Orthobunyavirus	Bunyamwera orthobunyavirus	M	NC_001926
Peribunyaviridae	Orthobunyavirus	Bunyamwera orthobunyavirus	S	NC_001927
Peribunyaviridae	Orthobunyavirus	Bwamba orthobunyavirus	L	NC_034479
Peribunyaviridae	Orthobunyavirus	Bwamba orthobunyavirus	M	NC_034490
Peribunyaviridae	Orthobunyavirus	Bwamba orthobunyavirus	S	NC_034480
Peribunyaviridae	Orthobunyavirus	California encephalitis orthobunyavirus	L	NC_004108
Peribunyaviridae	Orthobunyavirus	California encephalitis orthobunyavirus	M	NC_004109
Peribunyaviridae	Orthobunyavirus	California encephalitis orthobunyavirus	S	NC_004110
Peribunyaviridae	Orthobunyavirus	Capim orthobunyavirus	L	NC_034482
Peribunyaviridae	Orthobunyavirus	Capim orthobunyavirus	M	NC_034493
Peribunyaviridae	Orthobunyavirus	Capim orthobunyavirus	S	NC_034483
Peribunyaviridae	Orthobunyavirus	Caraparu orthobunyavirus	L	NC_034489
Peribunyaviridae	Orthobunyavirus	Caraparu orthobunyavirus	M	NC_034477
Peribunyaviridae	Orthobunyavirus	Caraparu orthobunyavirus	S	NC_034478
Peribunyaviridae	Orthobunyavirus	Catu orthobunyavirus	L	NC_038728
Peribunyaviridae	Orthobunyavirus	Catu orthobunyavirus	M	NC_038727
Peribunyaviridae	Orthobunyavirus	Catu orthobunyavirus	S	NC_038726
Peribunyaviridae	Orthobunyavirus	Gamboa orthobunyavirus	L	NC_038729
Peribunyaviridae	Orthobunyavirus	Gamboa orthobunyavirus	M	NC_038730
Peribunyaviridae	Orthobunyavirus	Gamboa orthobunyavirus	S	NC_038731
Peribunyaviridae	Orthobunyavirus	Guajara orthobunyavirus	L	NC_038734
Peribunyaviridae	Orthobunyavirus	Guajara orthobunyavirus	M	NC_038733
Peribunyaviridae	Orthobunyavirus	Guajara orthobunyavirus	S	NC_038732
Peribunyaviridae	Orthobunyavirus	Guama orthobunyavirus	L	NC_038736
Peribunyaviridae	Orthobunyavirus	Guama orthobunyavirus	M	NC_038735
Peribunyaviridae	Orthobunyavirus	Guama orthobunyavirus	S	NC_038737
Peribunyaviridae	Orthobunyavirus	Guaroa orthobunyavirus	L	NC_034487
Peribunyaviridae	Orthobunyavirus	Guaroa orthobunyavirus	M	NC_034506
Peribunyaviridae	Orthobunyavirus	Guaroa orthobunyavirus	S	NC_034486
Peribunyaviridae	Orthobunyavirus	Kaeng Khoi orthobunyavirus	L	NC_034499
Peribunyaviridae	Orthobunyavirus	Kaeng Khoi orthobunyavirus	M	NC_034500
Peribunyaviridae	Orthobunyavirus	Kaeng Khoi orthobunyavirus	S	NC_034501
Peribunyaviridae	Orthobunyavirus	Kairi orthobunyavirus	L	NC_038738
Peribunyaviridae	Orthobunyavirus	Kairi orthobunyavirus	M	NC_038739
Peribunyaviridae	Orthobunyavirus	Kairi orthobunyavirus	S	NC_038740
Peribunyaviridae	Orthobunyavirus	Koongol orthobunyavirus	L	NC_038741
Peribunyaviridae	Orthobunyavirus	Koongol orthobunyavirus	M	NC_038742
Peribunyaviridae	Orthobunyavirus	Koongol orthobunyavirus	S	NC_038743
Peribunyaviridae	Orthobunyavirus	Madrid orthobunyavirus	L	NC_034497
Peribunyaviridae	Orthobunyavirus	Madrid orthobunyavirus	M	NC_034505
Peribunyaviridae	Orthobunyavirus	Madrid orthobunyavirus	S	NC_034498
Peribunyaviridae	Orthobunyavirus	Main Drain orthobunyavirus	L	NC_038943
Peribunyaviridae	Orthobunyavirus	Main Drain orthobunyavirus	M	NC_038942
Peribunyaviridae	Orthobunyavirus	Main Drain orthobunyavirus	S	NC_038941
Peribunyaviridae	Orthobunyavirus	Manzanilla orthobunyavirus	L	NC_024076
Peribunyaviridae	Orthobunyavirus	Manzanilla orthobunyavirus	M	NC_024074
Peribunyaviridae	Orthobunyavirus	Manzanilla orthobunyavirus	S	NC_024075
Peribunyaviridae	Orthobunyavirus	Marituba orthobunyavirus	L	NC_034495
Peribunyaviridae	Orthobunyavirus	Marituba orthobunyavirus	M	NC_034504
Peribunyaviridae	Orthobunyavirus	Marituba orthobunyavirus	S	NC_034496
Peribunyaviridae	Orthobunyavirus	Nyando orthobunyavirus	L	NC_034492
Peribunyaviridae	Orthobunyavirus	Nyando orthobunyavirus	M	NC_034491
Peribunyaviridae	Orthobunyavirus	Nyando orthobunyavirus	S	NC_034481
Peribunyaviridae	Orthobunyavirus	Oriboca orthobunyavirus	L	NC_034475
Peribunyaviridae	Orthobunyavirus	Oriboca orthobunyavirus	M	NC_034488
Peribunyaviridae	Orthobunyavirus	Oriboca orthobunyavirus	S	NC_034476
Peribunyaviridae	Orthobunyavirus	Oropouche orthobunyavirus	L	NC_005776
Peribunyaviridae	Orthobunyavirus	Oropouche orthobunyavirus	M	NC_005775
Peribunyaviridae	Orthobunyavirus	Oropouche orthobunyavirus	S	NC_005777
Peribunyaviridae	Orthobunyavirus	Patois orthobunyavirus	L	MH017277
Peribunyaviridae	Orthobunyavirus	Patois orthobunyavirus	M	MH017283
Peribunyaviridae	Orthobunyavirus	Patois orthobunyavirus	S	MH017273
Peribunyaviridae	Orthobunyavirus	Sathuperi orthobunyavirus	L	NC_018461
Peribunyaviridae	Orthobunyavirus	Sathuperi orthobunyavirus	M	NC_018466
Peribunyaviridae	Orthobunyavirus	Sathuperi orthobunyavirus	S	NC_018462
Peribunyaviridae	Orthobunyavirus	Shamonda orthobunyavirus	L	NC_018463
Peribunyaviridae	Orthobunyavirus	Shamonda orthobunyavirus	M	NC_018467
Peribunyaviridae	Orthobunyavirus	Shamonda orthobunyavirus	S	NC_018464
Peribunyaviridae	Orthobunyavirus	Shuni orthobunyavirus	L	NC_018465
Peribunyaviridae	Orthobunyavirus	Shuni orthobunyavirus	M	NC_018459
Peribunyaviridae	Orthobunyavirus	Shuni orthobunyavirus	S	NC_018460
Peribunyaviridae	Orthobunyavirus	Simbu orthobunyavirus	L	NC_018476
Peribunyaviridae	Orthobunyavirus	Simbu orthobunyavirus	M	NC_018478
Peribunyaviridae	Orthobunyavirus	Simbu orthobunyavirus	S	NC_018477
Peribunyaviridae	Orthobunyavirus	Tacaiuma orthobunyavirus	L	MF497779
Peribunyaviridae	Orthobunyavirus	Tacaiuma orthobunyavirus	M	MF497777
Peribunyaviridae	Orthobunyavirus	Tacaiuma orthobunyavirus	S	MF497771
Peribunyaviridae	Orthobunyavirus	Tete orthobunyavirus	L	NC_039184
Peribunyaviridae	Orthobunyavirus	Tete orthobunyavirus	M	NC_039183
Peribunyaviridae	Orthobunyavirus	Tete orthobunyavirus	S	NC_039185
Peribunyaviridae	Orthobunyavirus	Wyeomyia orthobunyavirus	L	NC_039186
Peribunyaviridae	Orthobunyavirus	Wyeomyia orthobunyavirus	M	NC_039187
Peribunyaviridae	Orthobunyavirus	Wyeomyia orthobunyavirus	S	NC_039188
Phenuiviridae	Phlebovirus	Aguacate virus	L	NC_015451
Phenuiviridae	Phlebovirus	Aguacate virus	M	NC_015450
Phenuiviridae	Phlebovirus	Aguacate virus	S	NC_015452
Phenuiviridae	Phlebovirus	Ambe virus	L	NC_033844
Phenuiviridae	Phlebovirus	Ambe virus	M	NC_033835
Phenuiviridae	Phlebovirus	Ambe virus	S	NC_033845
Phenuiviridae	Phlebovirus	Anhanga virus	L	NC_033836
Phenuiviridae	Phlebovirus	Anhanga virus	M	NC_033846
Phenuiviridae	Phlebovirus	Anhanga virus	S	NC_033837
Phenuiviridae	Phlebovirus	Arrabida virus	L	NC_029082
Phenuiviridae	Phlebovirus	Arrabida virus	M	NC_037616
Phenuiviridae	Phlebovirus	Arrabida virus	S	NC_037617
Phenuiviridae	Phlebovirus	Arumowot virus	L	NC_023635
Phenuiviridae	Phlebovirus	Arumowot virus	M	NC_023633
Phenuiviridae	Phlebovirus	Arumowot virus	S	NC_023634
Phenuiviridae	Phlebovirus	Bhanja virus	L	NC_027140
Phenuiviridae	Phlebovirus	Bhanja virus	M	NC_027141
Phenuiviridae	Phlebovirus	Bhanja virus	S	NC_027142
Phenuiviridae	Phlebovirus	Bujaru phlebovirus	L	NC_033830
Phenuiviridae	Phlebovirus	Bujaru phlebovirus	M	NC_033847
Phenuiviridae	Phlebovirus	Bujaru phlebovirus	S	NC_033831
Phenuiviridae	Phlebovirus	Candiru phlebovirus	L	NC_015374
Phenuiviridae	Phlebovirus	Candiru phlebovirus	M	NC_015373
Phenuiviridae	Phlebovirus	Candiru phlebovirus	S	NC_015375
Phenuiviridae	Phlebovirus	Heartland virus	L	NC_024495
Phenuiviridae	Phlebovirus	Heartland virus	M	NC_024494
Phenuiviridae	Phlebovirus	Heartland virus	S	NC_024496
Phenuiviridae	Phlebovirus	Kabuto mountain virus	L	NC_036604
Phenuiviridae	Phlebovirus	Kabuto mountain virus	M	NC_036605
Phenuiviridae	Phlebovirus	Kabuto mountain virus	S	NC_036606
Phenuiviridae	Phlebovirus	Punta Toro phlebovirus	L	NC_039192
Phenuiviridae	Phlebovirus	Punta Toro phlebovirus	M	NC_039191
Phenuiviridae	Phlebovirus	Punta Toro phlebovirus	S	NC_039193
Phenuiviridae	Phlebovirus	Razdan virus	L	NC_022630
Phenuiviridae	Phlebovirus	Razdan virus	M	NC_022631
Phenuiviridae	Phlebovirus	Razdan virus	S	NC_022632
Phenuiviridae	Phlebovirus	Rift Valley fever phlebovirus	L	NC_014397
Phenuiviridae	Phlebovirus	Rift Valley fever phlebovirus	M	NC_014396
Phenuiviridae	Phlebovirus	Rift Valley fever phlebovirus	S	NC_014395
Phenuiviridae	Phlebovirus	SFTS phlebovirus	L	NC_018136
Phenuiviridae	Phlebovirus	SFTS phlebovirus	M	NC_018138
Phenuiviridae	Phlebovirus	SFTS phlebovirus	S	NC_018137
Phenuiviridae	Phlebovirus	Salehabad phlebovirus	L	NC_029127
Phenuiviridae	Phlebovirus	Salehabad phlebovirus	M	NC_029128
Phenuiviridae	Phlebovirus	Salehabad phlebovirus	S	NC_029129
Phenuiviridae	Phlebovirus	Sandfly fever Naples phlebovirus	L	NC_006319
Phenuiviridae	Phlebovirus	Sandfly fever Naples phlebovirus	M	NC_006320
Phenuiviridae	Phlebovirus	Sandfly fever Naples phlebovirus	S	NC_006318
Phenuiviridae	Phlebovirus	Sandfly fever Sicilian virus	L	NC_015412
Phenuiviridae	Phlebovirus	Sandfly fever Sicilian virus	M	NC_015411
Phenuiviridae	Phlebovirus	Sandfly fever Sicilian virus	S	NC_015413
Phenuiviridae	Phlebovirus	Tapara virus	L	NC_033848
Phenuiviridae	Phlebovirus	Tapara virus	M	NC_033838
Phenuiviridae	Phlebovirus	Tapara virus	S	NC_033839
Phenuiviridae	Phlebovirus	Toros virus	L	NC_029903
Phenuiviridae	Phlebovirus	Toros virus	M	NC_037614
Phenuiviridae	Phlebovirus	Toros virus	S	NC_037615
Phenuiviridae	Phlebovirus	Uriurana virus	L	NC_033849
Phenuiviridae	Phlebovirus	Uriurana virus	M	NC_033840
Phenuiviridae	Phlebovirus	Uriurana virus	S	NC_033850
Phenuiviridae	Phlebovirus	Urucuri virus	L	NC_033841
Phenuiviridae	Phlebovirus	Urucuri virus	M	NC_033842
Phenuiviridae	Phlebovirus	Urucuri virus	S	NC_033843
Phenuiviridae	Phlebovirus	Uukuniemi phlebovirus	L	NC_005214
Phenuiviridae	Phlebovirus	Uukuniemi phlebovirus	M	NC_005220
Phenuiviridae	Phlebovirus	Uukuniemi phlebovirus	S	NC_005221
Phenuiviridae	Phlebovirus	Zerdali virus	L	NC_029901
Phenuiviridae	Phlebovirus	Zerdali virus	M	NC_037612
Phenuiviridae	Phlebovirus	Zerdali virus	S	NC_037613
Picobirnaviridae	Picobirnavirus	Human picobirnavirus	1	NC_007026
Picobirnaviridae	Picobirnavirus	Human picobirnavirus	2	NC_007027
Picornaviridae	Aphthovirus	Equine rhinitis A virus	None	NC_039209
Picornaviridae	Aphthovirus	Foot-and-mouth disease virus	None	NC_039210
Picornaviridae	Cardiovirus	Cardiovirus A	None	NC_001479
Picornaviridae	Cardiovirus	Cardiovirus B	None	NC_001366,NC_009448,NC_010810
Picornaviridae	Cosavirus	Cosavirus A	None	NC_012800
Picornaviridae	Cosavirus	Cosavirus B	None	NC_012801
Picornaviridae	Cosavirus	Cosavirus D	None	NC_012802
Picornaviridae	Cosavirus	Cosavirus E	None	NC_012798
Picornaviridae	Cosavirus	Cosavirus F	None	NC_034385
Picornaviridae	Enterovirus	Enterovirus A	None	NC_038306,NC_001612
Picornaviridae	Enterovirus	Enterovirus B	None	NC_001472,NC_038307
Picornaviridae	Enterovirus	Enterovirus C	None	NC_002058
Picornaviridae	Enterovirus	Enterovirus D	None	NC_001430,NC_038308
Picornaviridae	Enterovirus	Enterovirus E	None	NC_001859
Picornaviridae	Enterovirus	Rhinovirus A	None	NC_038311,NC_001617
Picornaviridae	Enterovirus	Rhinovirus B	None	NC_038312,NC_001490
Picornaviridae	Enterovirus	Rhinovirus C	None	NC_038878,NC_009996
Picornaviridae	Erbovirus	Erbovirus A	None	NC_003983
Picornaviridae	Hepatovirus	Hepatovirus A	None	NC_001489
Picornaviridae	Kobuvirus	Aichivirus A	None	NC_001918
Picornaviridae	Parechovirus	Parechovirus A	None	NC_038319,NC_001897
Picornaviridae	Parechovirus	Parechovirus B	None	NC_003976
Picornaviridae	Rosavirus	Rosavirus A	None	NC_038880,NC_024070
Picornaviridae	Salivirus	Salivirus A	None	NC_012986,NC_012957
Pneumoviridae	Metapneumovirus	Avian metapneumovirus	None	NC_039231
Pneumoviridae	Metapneumovirus	Human metapneumovirus	None	NC_039199
Pneumoviridae	Orthopneumovirus	Human orthopneumovirus	None	NC_001781,NC_038235
Pneumoviridae	unknown	Respiratory syncytial virus	None	NC_001803
Polyomaviridae	Alphapolyomavirus	Human polyomavirus 5	None	NC_010277
Polyomaviridae	Betapolyomavirus	Human polyomavirus 1	None	NC_001538
Polyomaviridae	Betapolyomavirus	Human polyomavirus 2	None	NC_001699
Polyomaviridae	Betapolyomavirus	Human polyomavirus 3	None	NC_009238
Polyomaviridae	Betapolyomavirus	Human polyomavirus 4	None	NC_009539
Polyomaviridae	Betapolyomavirus	Macaca mulatta polyomavirus 1	None	NC_001669
Poxviridae	Molluscipoxvirus	Molluscum contagiosum virus	None	NC_001731
Poxviridae	Orthopoxvirus	Cowpox virus	None	NC_003663
Poxviridae	Orthopoxvirus	Monkeypox virus	None	NC_003310
Poxviridae	Orthopoxvirus	Vaccinia virus	None	NC_006998
Poxviridae	Orthopoxvirus	Variola virus	None	NC_001611
Poxviridae	Parapoxvirus	Orf virus	None	NC_005336
Poxviridae	Yatapoxvirus	Tanapox virus	None	NC_002642
Poxviridae	Yatapoxvirus	Yaba monkey tumor virus	None	NC_005179
Reoviridae	Coltivirus	Colorado tick fever virus	1	NC_004181
Reoviridae	Coltivirus	Colorado tick fever virus	10	NC_004189
Reoviridae	Coltivirus	Colorado tick fever virus	11	NC_004191
Reoviridae	Coltivirus	Colorado tick fever virus	12	NC_004190
Reoviridae	Coltivirus	Colorado tick fever virus	2	NC_004182
Reoviridae	Coltivirus	Colorado tick fever virus	3	NC_004183
Reoviridae	Coltivirus	Colorado tick fever virus	4	NC_004184
Reoviridae	Coltivirus	Colorado tick fever virus	5	NC_004185
Reoviridae	Coltivirus	Colorado tick fever virus	6	NC_004186
Reoviridae	Coltivirus	Colorado tick fever virus	7	NC_004187
Reoviridae	Coltivirus	Colorado tick fever virus	8	NC_004188
Reoviridae	Coltivirus	Colorado tick fever virus	9	NC_004180
Reoviridae	Coltivirus	Eyach virus	1	NC_003696
Reoviridae	Coltivirus	Eyach virus	10	NC_003705
Reoviridae	Coltivirus	Eyach virus	11	NC_003706
Reoviridae	Coltivirus	Eyach virus	12	NC_003707
Reoviridae	Coltivirus	Eyach virus	2	NC_003697
Reoviridae	Coltivirus	Eyach virus	3	NC_003698
Reoviridae	Coltivirus	Eyach virus	4	NC_003699
Reoviridae	Coltivirus	Eyach virus	5	NC_003700
Reoviridae	Coltivirus	Eyach virus	6	NC_003701
Reoviridae	Coltivirus	Eyach virus	7	NC_003702
Reoviridae	Coltivirus	Eyach virus	8	NC_003703
Reoviridae	Coltivirus	Eyach virus	9	NC_003704
Reoviridae	Orbivirus	Corriparta virus	1	NC_038568
Reoviridae	Orbivirus	Corriparta virus	10	NC_038569
Reoviridae	Orbivirus	Corriparta virus	2	NC_038564
Reoviridae	Orbivirus	Corriparta virus	3	NC_038570
Reoviridae	Orbivirus	Corriparta virus	4	NC_038565
Reoviridae	Orbivirus	Corriparta virus	5	NC_038566
Reoviridae	Orbivirus	Corriparta virus	6	NC_038571
Reoviridae	Orbivirus	Corriparta virus	7	NC_038573
Reoviridae	Orbivirus	Corriparta virus	8	NC_038572
Reoviridae	Orbivirus	Corriparta virus	9	NC_038567
Reoviridae	Orbivirus	Great Island virus	1	NC_014522
Reoviridae	Orbivirus	Great Island virus	10	NC_014531
Reoviridae	Orbivirus	Great Island virus	2	NC_014523
Reoviridae	Orbivirus	Great Island virus	3	NC_014524
Reoviridae	Orbivirus	Great Island virus	4	NC_014525
Reoviridae	Orbivirus	Great Island virus	5	NC_014526
Reoviridae	Orbivirus	Great Island virus	6	NC_014527
Reoviridae	Orbivirus	Great Island virus	7	NC_014528
Reoviridae	Orbivirus	Great Island virus	8	NC_014529
Reoviridae	Orbivirus	Great Island virus	9	NC_014530
Reoviridae	Orbivirus	Lebombo virus	1	NC_038594
Reoviridae	Orbivirus	Lebombo virus	10	NC_038602
Reoviridae	Orbivirus	Lebombo virus	2	NC_038600
Reoviridae	Orbivirus	Lebombo virus	3	NC_038595
Reoviridae	Orbivirus	Lebombo virus	4	NC_038596
Reoviridae	Orbivirus	Lebombo virus	5	NC_038601
Reoviridae	Orbivirus	Lebombo virus	6	NC_038597
Reoviridae	Orbivirus	Lebombo virus	7	NC_038599
Reoviridae	Orbivirus	Lebombo virus	8	NC_038598
Reoviridae	Orbivirus	Lebombo virus	9	NC_038603
Reoviridae	Orbivirus	Orungo virus	1	NC_038604
Reoviridae	Orbivirus	Orungo virus	10	NC_038613
Reoviridae	Orbivirus	Orungo virus	2	NC_038605
Reoviridae	Orbivirus	Orungo virus	3	NC_038610
Reoviridae	Orbivirus	Orungo virus	4	NC_038606
Reoviridae	Orbivirus	Orungo virus	5	NC_038611
Reoviridae	Orbivirus	Orungo virus	6	NC_038609
Reoviridae	Orbivirus	Orungo virus	7	NC_038607
Reoviridae	Orbivirus	Orungo virus	8	NC_038608
Reoviridae	Orbivirus	Orungo virus	9	NC_038612
Reoviridae	Orthoreovirus	Mammalian orthoreovirus	L1	NC_013225
Reoviridae	Orthoreovirus	Mammalian orthoreovirus	L2	NC_013226
Reoviridae	Orthoreovirus	Mammalian orthoreovirus	L3	NC_013229
Reoviridae	Orthoreovirus	Mammalian orthoreovirus	M1	NC_013227
Reoviridae	Orthoreovirus	Mammalian orthoreovirus	M2	NC_013228
Reoviridae	Orthoreovirus	Mammalian orthoreovirus	M3	NC_013230
Reoviridae	Orthoreovirus	Mammalian orthoreovirus	S1	NC_013231
Reoviridae	Orthoreovirus	Mammalian orthoreovirus	S2	NC_013232
Reoviridae	Orthoreovirus	Mammalian orthoreovirus	S3	NC_013233
Reoviridae	Orthoreovirus	Mammalian orthoreovirus	S4	NC_013234
Reoviridae	Orthoreovirus	Nelson Bay orthoreovirus	L1	NC_038665
Reoviridae	Orthoreovirus	Nelson Bay orthoreovirus	L2	NC_038660
Reoviridae	Orthoreovirus	Nelson Bay orthoreovirus	L3	NC_038662
Reoviridae	Orthoreovirus	Nelson Bay orthoreovirus	M1	NC_038661
Reoviridae	Orthoreovirus	Nelson Bay orthoreovirus	M2	NC_038664
Reoviridae	Orthoreovirus	Nelson Bay orthoreovirus	M3	NC_038666
Reoviridae	Orthoreovirus	Nelson Bay orthoreovirus	S1	NC_038667
Reoviridae	Orthoreovirus	Nelson Bay orthoreovirus	S2	NC_038659
Reoviridae	Orthoreovirus	Nelson Bay orthoreovirus	S3	NC_038663
Reoviridae	Orthoreovirus	Nelson Bay orthoreovirus	S4	NC_038658
Reoviridae	Rotavirus	Rotavirus A	1	NC_011507
Reoviridae	Rotavirus	Rotavirus A	10	NC_011504
Reoviridae	Rotavirus	Rotavirus A	11	NC_011505
Reoviridae	Rotavirus	Rotavirus A	2	NC_011506
Reoviridae	Rotavirus	Rotavirus A	3	NC_011508
Reoviridae	Rotavirus	Rotavirus A	4	NC_011510
Reoviridae	Rotavirus	Rotavirus A	5	NC_011500
Reoviridae	Rotavirus	Rotavirus A	6	NC_011509
Reoviridae	Rotavirus	Rotavirus A	7	NC_011501
Reoviridae	Rotavirus	Rotavirus A	8	NC_011502
Reoviridae	Rotavirus	Rotavirus A	9	NC_011503
Reoviridae	Rotavirus	Rotavirus B	1	NC_021541
Reoviridae	Rotavirus	Rotavirus B	10	NC_021550
Reoviridae	Rotavirus	Rotavirus B	11	NC_021549
Reoviridae	Rotavirus	Rotavirus B	2	NC_021545
Reoviridae	Rotavirus	Rotavirus B	3	NC_021551
Reoviridae	Rotavirus	Rotavirus B	4	NC_021543
Reoviridae	Rotavirus	Rotavirus B	5	NC_021546
Reoviridae	Rotavirus	Rotavirus B	6	NC_021544
Reoviridae	Rotavirus	Rotavirus B	7	NC_021547
Reoviridae	Rotavirus	Rotavirus B	8	NC_021548
Reoviridae	Rotavirus	Rotavirus B	9	NC_021542
Reoviridae	Rotavirus	Rotavirus C	1	NC_007547
Reoviridae	Rotavirus	Rotavirus C	10	NC_007569
Reoviridae	Rotavirus	Rotavirus C	11	NC_007573
Reoviridae	Rotavirus	Rotavirus C	2	NC_007546
Reoviridae	Rotavirus	Rotavirus C	3	NC_007572
Reoviridae	Rotavirus	Rotavirus C	4	NC_007574
Reoviridae	Rotavirus	Rotavirus C	5	NC_007570
Reoviridae	Rotavirus	Rotavirus C	6	NC_007543
Reoviridae	Rotavirus	Rotavirus C	7	NC_007544
Reoviridae	Rotavirus	Rotavirus C	8	NC_007571
Reoviridae	Rotavirus	Rotavirus C	9	NC_007545
Reoviridae	Rotavirus	Rotavirus F	1	NC_021625
Reoviridae	Rotavirus	Rotavirus F	10	NC_021629
Reoviridae	Rotavirus	Rotavirus F	11	NC_021634
Reoviridae	Rotavirus	Rotavirus F	2	NC_021626
Reoviridae	Rotavirus	Rotavirus F	3	NC_021631
Reoviridae	Rotavirus	Rotavirus F	4	NC_021630
Reoviridae	Rotavirus	Rotavirus F	5	NC_021632
Reoviridae	Rotavirus	Rotavirus F	6	NC_021635
Reoviridae	Rotavirus	Rotavirus F	7	NC_021633
Reoviridae	Rotavirus	Rotavirus F	8	NC_021628
Reoviridae	Rotavirus	Rotavirus F	9	NC_021627
Reoviridae	Rotavirus	Rotavirus G	1	NC_021590
Reoviridae	Rotavirus	Rotavirus G	10	NC_021586
Reoviridae	Rotavirus	Rotavirus G	11	NC_021587
Reoviridae	Rotavirus	Rotavirus G	2	NC_021580
Reoviridae	Rotavirus	Rotavirus G	3	NC_021581
Reoviridae	Rotavirus	Rotavirus G	4	NC_021589
Reoviridae	Rotavirus	Rotavirus G	5	NC_021583
Reoviridae	Rotavirus	Rotavirus G	6	NC_021588
Reoviridae	Rotavirus	Rotavirus G	7	NC_021585
Reoviridae	Rotavirus	Rotavirus G	8	NC_021584
Reoviridae	Rotavirus	Rotavirus G	9	NC_021582
Reoviridae	Rotavirus	Rotavirus H	1	NC_007548
Reoviridae	Rotavirus	Rotavirus H	10	NC_007557
Reoviridae	Rotavirus	Rotavirus H	11	NC_007558
Reoviridae	Rotavirus	Rotavirus H	2	NC_007549
Reoviridae	Rotavirus	Rotavirus H	3	NC_007551
Reoviridae	Rotavirus	Rotavirus H	4	NC_007550
Reoviridae	Rotavirus	Rotavirus H	5	NC_007552
Reoviridae	Rotavirus	Rotavirus H	6	NC_007553
Reoviridae	Rotavirus	Rotavirus H	7	NC_007555
Reoviridae	Rotavirus	Rotavirus H	8	NC_007554
Reoviridae	Rotavirus	Rotavirus H	9	NC_007556
Reoviridae	Rotavirus	Rotavirus I	1	NC_026825
Reoviridae	Rotavirus	Rotavirus I	10	NC_026823
Reoviridae	Rotavirus	Rotavirus I	11	NC_026824
Reoviridae	Rotavirus	Rotavirus I	2	NC_026826
Reoviridae	Rotavirus	Rotavirus I	3	NC_026827
Reoviridae	Rotavirus	Rotavirus I	4	NC_026828
Reoviridae	Rotavirus	Rotavirus I	5	NC_026820
Reoviridae	Rotavirus	Rotavirus I	6	NC_026829
Reoviridae	Rotavirus	Rotavirus I	7	NC_026822
Reoviridae	Rotavirus	Rotavirus I	8	NC_026821
Reoviridae	Rotavirus	Rotavirus I	9	NC_026830
Reoviridae	Seadornavirus	Banna virus	1	NC_004211
Reoviridae	Seadornavirus	Banna virus	10	NC_004201
Reoviridae	Seadornavirus	Banna virus	11	NC_004200
Reoviridae	Seadornavirus	Banna virus	12	NC_004198
Reoviridae	Seadornavirus	Banna virus	2	NC_004217
Reoviridae	Seadornavirus	Banna virus	3	NC_004218
Reoviridae	Seadornavirus	Banna virus	4	NC_004219
Reoviridae	Seadornavirus	Banna virus	5	NC_004220
Reoviridae	Seadornavirus	Banna virus	6	NC_004221
Reoviridae	Seadornavirus	Banna virus	7	NC_004204
Reoviridae	Seadornavirus	Banna virus	8	NC_004203
Reoviridae	Seadornavirus	Banna virus	9	NC_004202
Reoviridae	Seadornavirus	Kadipiro virus	1	NC_004210
Reoviridae	Seadornavirus	Kadipiro virus	10	NC_004206
Reoviridae	Seadornavirus	Kadipiro virus	11	NC_004205
Reoviridae	Seadornavirus	Kadipiro virus	12	NC_004199
Reoviridae	Seadornavirus	Kadipiro virus	2	NC_004212
Reoviridae	Seadornavirus	Kadipiro virus	3	NC_004213
Reoviridae	Seadornavirus	Kadipiro virus	4	NC_004214
Reoviridae	Seadornavirus	Kadipiro virus	5	NC_004215
Reoviridae	Seadornavirus	Kadipiro virus	6	NC_004216
Reoviridae	Seadornavirus	Kadipiro virus	7	NC_004209
Reoviridae	Seadornavirus	Kadipiro virus	8	NC_004208
Reoviridae	Seadornavirus	Kadipiro virus	9	NC_004207
Reoviridae	Seadornavirus	Liao ning virus	1	NC_007736
Reoviridae	Seadornavirus	Liao ning virus	10	NC_007745
Reoviridae	Seadornavirus	Liao ning virus	11	NC_007746
Reoviridae	Seadornavirus	Liao ning virus	12	NC_007747
Reoviridae	Seadornavirus	Liao ning virus	2	NC_007737
Reoviridae	Seadornavirus	Liao ning virus	3	NC_007738
Reoviridae	Seadornavirus	Liao ning virus	4	NC_007739
Reoviridae	Seadornavirus	Liao ning virus	5	NC_007740
Reoviridae	Seadornavirus	Liao ning virus	6	NC_007741
Reoviridae	Seadornavirus	Liao ning virus	7	NC_007742
Reoviridae	Seadornavirus	Liao ning virus	8	NC_007743
Reoviridae	Seadornavirus	Liao ning virus	9	NC_007744
Retroviridae	Deltaretrovirus	Primate T-lymphotropic virus 1	None	NC_001436,NC_000858
Retroviridae	Deltaretrovirus	Primate T-lymphotropic virus 2	None	NC_001815,NC_001488
Retroviridae	Deltaretrovirus	Primate T-lymphotropic virus 3	None	NC_003323
Retroviridae	Lentivirus	Human immunodeficiency virus 1	None	NC_001802
Retroviridae	Lentivirus	Human immunodeficiency virus 2	None	NC_001722
Retroviridae	Lentivirus	Simian immunodeficiency virus	None	NC_004455,NC_001549
Retroviridae	Spumavirus	African green monkey simian foamy virus	None	NC_010820
Retroviridae	Spumavirus	Macaque simian foamy virus	None	KF026286
Retroviridae	Spumavirus	Simian foamy virus	None	NC_001364
Retroviridae	unknown	Human endogenous retrovirus K	None	NC_022518
Rhabdoviridae	Ledantevirus	Le Dantec ledantevirus	None	NC_034443
Rhabdoviridae	Lyssavirus	Aravan lyssavirus	None	NC_020808
Rhabdoviridae	Lyssavirus	Australian bat lyssavirus	None	NC_003243
Rhabdoviridae	Lyssavirus	Bokeloh bat lyssavirus	None	NC_025251
Rhabdoviridae	Lyssavirus	Duvenhage lyssavirus	None	NC_020810
Rhabdoviridae	Lyssavirus	European bat 1 lyssavirus	None	NC_009527
Rhabdoviridae	Lyssavirus	European bat 2 lyssavirus	None	NC_009528
Rhabdoviridae	Lyssavirus	Ikoma lyssavirus	None	NC_018629
Rhabdoviridae	Lyssavirus	Irkut lyssavirus	None	NC_020809
Rhabdoviridae	Lyssavirus	Khujand lyssavirus	None	NC_025385
Rhabdoviridae	Lyssavirus	Lagos bat lyssavirus	None	NC_020807
Rhabdoviridae	Lyssavirus	Lleida bat lyssavirus	None	NC_031955
Rhabdoviridae	Lyssavirus	Lyssavirus Ozernoe	None	NC_025408
Rhabdoviridae	Lyssavirus	Mokola lyssavirus	None	NC_006429
Rhabdoviridae	Lyssavirus	Rabies lyssavirus	None	NC_001542
Rhabdoviridae	Lyssavirus	Shimoni bat lyssavirus	None	NC_025365
Rhabdoviridae	Lyssavirus	West Caucasian bat lyssavirus	None	NC_025377
Rhabdoviridae	Tibrovirus	Ekpoma 1 tibrovirus	None	NC_038282
Rhabdoviridae	Tibrovirus	Ekpoma 2 tibrovirus	None	NC_038283
Rhabdoviridae	Vesiculovirus	Alagoas vesiculovirus	None	NC_025353
Rhabdoviridae	Vesiculovirus	Chandipura vesiculovirus	None	NC_020805
Rhabdoviridae	Vesiculovirus	Cocal vesiculovirus	None	NC_028255
Rhabdoviridae	Vesiculovirus	Indiana vesiculovirus	None	NC_001560
Rhabdoviridae	Vesiculovirus	Isfahan vesiculovirus	None	NC_020806
Rhabdoviridae	Vesiculovirus	Maraba vesiculovirus	None	NC_025255
Rhabdoviridae	Vesiculovirus	New Jersey vesiculovirus	None	NC_024473
Rhabdoviridae	Vesiculovirus	Piry vesiculovirus	None	NC_038286
Rhabdoviridae	Vesiculovirus	Yug Bogdanovac vesiculovirus	None	NC_025378
Smacoviridae	unknown	Human smacovirus 1	None	NC_026252
Togaviridae	Alphavirus	Barmah Forest virus	None	NC_001786
Togaviridae	Alphavirus	Chikungunya virus	None	NC_004162
Togaviridae	Alphavirus	Eastern equine encephalitis virus	None	NC_003899
Togaviridae	Alphavirus	Everglades virus	None	NC_038671
Togaviridae	Alphavirus	Getah virus	None	NC_006558
Togaviridae	Alphavirus	Highlands J virus	None	NC_012561
Togaviridae	Alphavirus	Mayaro virus	None	NC_003417
Togaviridae	Alphavirus	Mosso das Pedras virus	None	NC_038857
Togaviridae	Alphavirus	Mucambo virus	None	NC_038672
Togaviridae	Alphavirus	Ndumu virus	None	NC_016959
Togaviridae	Alphavirus	Onyong-nyong virus	None	NC_001512
Togaviridae	Alphavirus	Pixuna virus	None	NC_038673
Togaviridae	Alphavirus	Rio Negro virus	None	NC_038674
Togaviridae	Alphavirus	Ross River virus	None	NC_001544
Togaviridae	Alphavirus	Semliki Forest virus	None	NC_003215
Togaviridae	Alphavirus	Sindbis virus	None	NC_001547
Togaviridae	Alphavirus	Tonate virus	None	NC_038675
Togaviridae	Alphavirus	Venezuelan equine encephalitis virus	None	NC_001449
Togaviridae	Alphavirus	Western equine encephalitis virus	None	NC_003908
Togaviridae	Alphavirus	Whataroa virus	None	NC_016961
Togaviridae	Rubivirus	Rubella virus	None	NC_001545
unknown	Deltavirus	Hepatitis delta virus	None	NC_001653
unknown	unknown	circular ssDNA virus HV-CV1	None	NC_030449
