objective-value	target-start	target-end	target-length	left-primer-start	left-primer-num-primers	left-primer-frac-bound	left-primer-target-sequences	right-primer-start	right-primer-num-primers	right-primer-frac-bound	right-primer-target-sequences	num-guides	total-frac-bound-by-guides	guide-set-expected-activity	guide-set-median-activity	guide-set-5th-pctile-activity	guide-expected-activities	guide-target-sequences	guide-target-sequence-positions	overlapping-annotations
4.993735427514614	1410	1503	93	1410	1	0.96	TTGATTTTGATTGAATCTAGCTGGCTCAAT	1473	1	0.9733333333333334	ATCATGTTTAAACATTGGCCTTTCAACACC	1	1.0	3.2548339573542275	3.322875201702118	2.643959879875183	3.2548339573542275	AGTCTATCCAAGCATAACCCATCATCAG	{1445}	polymerase (CDS) [7199-534]
4.978855740685907	2733	2821	88	2733	1	0.9733333333333334	AGGAATCAATCCCTCTATTTGCCTCATAAT	2791	1	0.9866666666666667	TCTCTGACATCTGTCTCGCAATTCAATAAG	1	1.0	3.180694471200307	3.4147909283638	2.141544222831726	3.180694471200307	TCTATAACTACGGTTGCCATCTACCCAG	{2763}	polymerase (CDS) [7199-534]
4.960661206258085	6719	6808	89	6719	1	0.9733333333333334	TCAGCTTATCATTGACCCAGTCAGGTATTT	6778	1	0.9733333333333334	ATAAGTGGTATTAAATTGATATCGACACTC	1	1.0	3.175156455039978	3.286323308944702	2.4759711027145386	3.175156455039978	GCTCATTGTAGAATGATGTTCTCCCGTC	{6749}	polymerase (CDS) [7199-534]
4.948915156559754	5378	5468	90	5378	1	0.96	CACTGCAATCTTCTATCCAAGAAATCATAG	5438	1	1.0	AAAATATTGCTGGAAAATATCTTTTAGGAT	1	1.0	3.1756378054618835	3.2595134377479553	2.741268515586853	3.1756378054618835	TGCTCACTGTTGTTTGTAAAACCTCAGC	{5408}	polymerase (CDS) [7199-534]
4.916107068098196	180	270	90	180	1	0.9733333333333334	GATCCCAGATGCCACACATCTAGGGCCACA	240	1	0.96	GGGCCTGGTTGAGTGCAACAACCACTATCT	1	1.0	3.1428297170003257	3.1747291684150696	2.7885870933532715	3.1428297170003257	ATTCTGCAAGAGCTGCTGGTTCGAAAAC	{210}	Z protein (CDS) [121-426]
4.9079985392648995	3007	3100	93	3007	1	0.9866666666666667	AATGGCACTTCATCTCCCCAAACAAAAAAT	3070	1	0.9733333333333334	ACACTCTTAGGGCTCACAAACTTATTGAGT	1	1.0	3.1690970691045126	3.2918288707733154	2.554651141166687	3.1690970691045126	CTAGATTTAAACTCTGCAACAAACCTGC	{3037}	polymerase (CDS) [7199-534]
4.903763152995828	1919	2024	105	1919	1	0.96	TCTCAAACACTGATGGGTACAGCCTTCTTA	1994	1	0.96	TTGATGCAGTTGGCTTCAAGGGAAAATAGT	1	1.0	3.276726427078247	3.349563777446747	2.647918939590454	3.276726427078247	AATGATGTGATTCAAACCAACCCTATCC	{1956}	polymerase (CDS) [7199-534]
4.879492558300144	3302	3390	88	3302	1	0.9866666666666667	GTAATATTCCTTGACCCATGTCAAGTATTG	3360	1	1.0	TTGGAAATTAGAGTAAAAGAAATCTTCTGT	1	0.9866666666666667	3.0813312888145448	3.185672700405121	2.282669186592102	3.0813312888145448	AGCTGATGTGAGAAGGCACTACACCGAC	{3332}	polymerase (CDS) [7199-534]
4.879428967131912	3183	3278	95	3183	1	0.9866666666666667	AAAGAGAGAAATTTGATCATCACTAGAGGT	3248	1	0.96	TAGCATAATTAATGAACCTCTCTGAAATGA	1	1.0	3.161749721368154	3.357884466648102	2.5762590169906616	3.161749721368154	TAAGCATCTATCGTACCACCACATATGC	{3214}	polymerase (CDS) [7199-534]
4.852200534585855	1613	1710	97	1613	1	0.9733333333333334	TTGTAGTCGCAACAAATGGTCTCACATAAG	1680	1	0.96	ATCACTAGTGCTCACCACTCTTTCTTCCAC	1	0.9866666666666667	3.1545638759930927	3.347136437892914	2.4831210374832153	3.1545638759930927	CTCAAAATAAATTTGCCTCATGAAATTG	{1644}	polymerase (CDS) [7199-534]
